split,class,source_type,filename,full_path
train,positive,real,0000.wav,dataset\final\train\positive\0000.wav
train,positive,real,0001.wav,dataset\final\train\positive\0001.wav
train,positive,real,0002.wav,dataset\final\train\positive\0002.wav
train,positive,real,0003.wav,dataset\final\train\positive\0003.wav
train,positive,real,0004.wav,dataset\final\train\positive\0004.wav
train,positive,real,0005.wav,dataset\final\train\positive\0005.wav
train,positive,real,0006.wav,dataset\final\train\positive\0006.wav
train,positive,real,0007.wav,dataset\final\train\positive\0007.wav
train,positive,real,0013.wav,dataset\final\train\positive\0013.wav
train,positive,real,0014.wav,dataset\final\train\positive\0014.wav
train,positive,real,0015.wav,dataset\final\train\positive\0015.wav
train,positive,real,0021.wav,dataset\final\train\positive\0021.wav
train,positive,real,0022.wav,dataset\final\train\positive\0022.wav
train,positive,real,0023.wav,dataset\final\train\positive\0023.wav
train,positive,real,0024.wav,dataset\final\train\positive\0024.wav
train,positive,real,0025.wav,dataset\final\train\positive\0025.wav
train,positive,real,0026.wav,dataset\final\train\positive\0026.wav
train,positive,real,0027.wav,dataset\final\train\positive\0027.wav
train,positive,real,0028.wav,dataset\final\train\positive\0028.wav
train,positive,real,0029.wav,dataset\final\train\positive\0029.wav
train,positive,real,0030.wav,dataset\final\train\positive\0030.wav
train,positive,real,0031.wav,dataset\final\train\positive\0031.wav
train,positive,real,0032.wav,dataset\final\train\positive\0032.wav
train,positive,real,0033.wav,dataset\final\train\positive\0033.wav
train,positive,real,0034.wav,dataset\final\train\positive\0034.wav
train,positive,real,0035.wav,dataset\final\train\positive\0035.wav
train,positive,real,0036.wav,dataset\final\train\positive\0036.wav
train,positive,real,0037.wav,dataset\final\train\positive\0037.wav
train,positive,real,0038.wav,dataset\final\train\positive\0038.wav
train,positive,real,0039.wav,dataset\final\train\positive\0039.wav
train,positive,real,0040.wav,dataset\final\train\positive\0040.wav
train,positive,real,0041.wav,dataset\final\train\positive\0041.wav
train,positive,real,0042.wav,dataset\final\train\positive\0042.wav
train,positive,real,0052.wav,dataset\final\train\positive\0052.wav
train,positive,real,0053.wav,dataset\final\train\positive\0053.wav
train,positive,real,0054.wav,dataset\final\train\positive\0054.wav
train,positive,real,0055.wav,dataset\final\train\positive\0055.wav
train,positive,real,0056.wav,dataset\final\train\positive\0056.wav
train,positive,real,0057.wav,dataset\final\train\positive\0057.wav
train,positive,real,0063.wav,dataset\final\train\positive\0063.wav
train,positive,real,0064.wav,dataset\final\train\positive\0064.wav
train,positive,real,0065.wav,dataset\final\train\positive\0065.wav
train,positive,real,0066.wav,dataset\final\train\positive\0066.wav
train,positive,real,0067.wav,dataset\final\train\positive\0067.wav
train,positive,real,0068.wav,dataset\final\train\positive\0068.wav
train,positive,real,0069.wav,dataset\final\train\positive\0069.wav
train,positive,real,0070.wav,dataset\final\train\positive\0070.wav
train,positive,real,0071.wav,dataset\final\train\positive\0071.wav
train,positive,real,0072.wav,dataset\final\train\positive\0072.wav
train,positive,real,0073.wav,dataset\final\train\positive\0073.wav
train,positive,real,0074.wav,dataset\final\train\positive\0074.wav
train,positive,real,0075.wav,dataset\final\train\positive\0075.wav
train,positive,real,0076.wav,dataset\final\train\positive\0076.wav
train,positive,real,0077.wav,dataset\final\train\positive\0077.wav
train,positive,real,0078.wav,dataset\final\train\positive\0078.wav
train,positive,real,0083.wav,dataset\final\train\positive\0083.wav
train,positive,real,0084.wav,dataset\final\train\positive\0084.wav
train,positive,real,0085.wav,dataset\final\train\positive\0085.wav
train,positive,real,0086.wav,dataset\final\train\positive\0086.wav
train,positive,real,0087.wav,dataset\final\train\positive\0087.wav
train,positive,real,0088.wav,dataset\final\train\positive\0088.wav
train,positive,real,0089.wav,dataset\final\train\positive\0089.wav
train,positive,real,0090.wav,dataset\final\train\positive\0090.wav
train,positive,real,0091.wav,dataset\final\train\positive\0091.wav
train,positive,real,0092.wav,dataset\final\train\positive\0092.wav
train,positive,real,0093.wav,dataset\final\train\positive\0093.wav
train,positive,real,0094.wav,dataset\final\train\positive\0094.wav
train,positive,real,0095.wav,dataset\final\train\positive\0095.wav
train,positive,real,0096.wav,dataset\final\train\positive\0096.wav
train,positive,real,0097.wav,dataset\final\train\positive\0097.wav
train,positive,real,0103.wav,dataset\final\train\positive\0103.wav
train,positive,real,0104.wav,dataset\final\train\positive\0104.wav
train,positive,real,0105.wav,dataset\final\train\positive\0105.wav
train,positive,real,0106.wav,dataset\final\train\positive\0106.wav
train,positive,real,0111.wav,dataset\final\train\positive\0111.wav
train,positive,real,0112.wav,dataset\final\train\positive\0112.wav
train,positive,real,0113.wav,dataset\final\train\positive\0113.wav
train,positive,real,0114.wav,dataset\final\train\positive\0114.wav
train,positive,real,0118.wav,dataset\final\train\positive\0118.wav
train,positive,real,0119.wav,dataset\final\train\positive\0119.wav
train,positive,real,0120.wav,dataset\final\train\positive\0120.wav
train,positive,real,0121.wav,dataset\final\train\positive\0121.wav
train,positive,real,0122.wav,dataset\final\train\positive\0122.wav
train,positive,real,0123.wav,dataset\final\train\positive\0123.wav
train,positive,real,0124.wav,dataset\final\train\positive\0124.wav
train,positive,real,0130.wav,dataset\final\train\positive\0130.wav
train,positive,real,0131.wav,dataset\final\train\positive\0131.wav
train,positive,real,0132.wav,dataset\final\train\positive\0132.wav
train,positive,real,0133.wav,dataset\final\train\positive\0133.wav
train,positive,real,0135.wav,dataset\final\train\positive\0135.wav
train,positive,real,0136.wav,dataset\final\train\positive\0136.wav
train,positive,real,0137.wav,dataset\final\train\positive\0137.wav
train,positive,real,0138.wav,dataset\final\train\positive\0138.wav
train,positive,real,0139.wav,dataset\final\train\positive\0139.wav
train,positive,real,0140.wav,dataset\final\train\positive\0140.wav
train,positive,real,0141.wav,dataset\final\train\positive\0141.wav
train,positive,real,0142.wav,dataset\final\train\positive\0142.wav
train,positive,real,0143.wav,dataset\final\train\positive\0143.wav
train,positive,real,0146.wav,dataset\final\train\positive\0146.wav
train,positive,real,0147.wav,dataset\final\train\positive\0147.wav
train,positive,real,0148.wav,dataset\final\train\positive\0148.wav
train,positive,real,0149.wav,dataset\final\train\positive\0149.wav
train,positive,real,0150.wav,dataset\final\train\positive\0150.wav
train,positive,real,0151.wav,dataset\final\train\positive\0151.wav
train,positive,real,0152.wav,dataset\final\train\positive\0152.wav
train,positive,real,0153.wav,dataset\final\train\positive\0153.wav
train,positive,real,0154.wav,dataset\final\train\positive\0154.wav
train,positive,real,0155.wav,dataset\final\train\positive\0155.wav
train,positive,real,0156.wav,dataset\final\train\positive\0156.wav
train,positive,real,0157.wav,dataset\final\train\positive\0157.wav
train,positive,real,0158.wav,dataset\final\train\positive\0158.wav
train,positive,real,0159.wav,dataset\final\train\positive\0159.wav
train,positive,real,0164.wav,dataset\final\train\positive\0164.wav
train,positive,real,0165.wav,dataset\final\train\positive\0165.wav
train,positive,real,0166.wav,dataset\final\train\positive\0166.wav
train,positive,real,0167.wav,dataset\final\train\positive\0167.wav
train,positive,real,0168.wav,dataset\final\train\positive\0168.wav
train,positive,real,0169.wav,dataset\final\train\positive\0169.wav
train,positive,real,0170.wav,dataset\final\train\positive\0170.wav
train,positive,real,0171.wav,dataset\final\train\positive\0171.wav
train,positive,real,0172.wav,dataset\final\train\positive\0172.wav
train,unknown,real,0000.wav,dataset\final\train\unknown\0000.wav
train,unknown,real,0001.wav,dataset\final\train\unknown\0001.wav
train,unknown,real,0002.wav,dataset\final\train\unknown\0002.wav
train,unknown,real,0003.wav,dataset\final\train\unknown\0003.wav
train,unknown,real,0004.wav,dataset\final\train\unknown\0004.wav
train,unknown,real,0005.wav,dataset\final\train\unknown\0005.wav
train,unknown,real,0006.wav,dataset\final\train\unknown\0006.wav
train,unknown,real,0007.wav,dataset\final\train\unknown\0007.wav
train,unknown,real,0008.wav,dataset\final\train\unknown\0008.wav
train,unknown,real,0009.wav,dataset\final\train\unknown\0009.wav
train,unknown,real,0010.wav,dataset\final\train\unknown\0010.wav
train,unknown,real,0011.wav,dataset\final\train\unknown\0011.wav
train,unknown,real,0012.wav,dataset\final\train\unknown\0012.wav
train,unknown,real,0013.wav,dataset\final\train\unknown\0013.wav
train,unknown,real,0014.wav,dataset\final\train\unknown\0014.wav
train,unknown,real,0015.wav,dataset\final\train\unknown\0015.wav
train,unknown,real,0016.wav,dataset\final\train\unknown\0016.wav
train,unknown,real,0017.wav,dataset\final\train\unknown\0017.wav
train,unknown,real,0018.wav,dataset\final\train\unknown\0018.wav
train,unknown,real,0019.wav,dataset\final\train\unknown\0019.wav
train,unknown,real,0020.wav,dataset\final\train\unknown\0020.wav
train,unknown,real,0021.wav,dataset\final\train\unknown\0021.wav
train,unknown,real,0022.wav,dataset\final\train\unknown\0022.wav
train,unknown,real,0023.wav,dataset\final\train\unknown\0023.wav
train,unknown,real,0024.wav,dataset\final\train\unknown\0024.wav
train,unknown,real,0025.wav,dataset\final\train\unknown\0025.wav
train,unknown,real,0026.wav,dataset\final\train\unknown\0026.wav
train,unknown,real,0027.wav,dataset\final\train\unknown\0027.wav
train,unknown,real,0028.wav,dataset\final\train\unknown\0028.wav
train,unknown,real,0029.wav,dataset\final\train\unknown\0029.wav
train,unknown,real,0030.wav,dataset\final\train\unknown\0030.wav
train,unknown,real,0031.wav,dataset\final\train\unknown\0031.wav
train,unknown,real,0032.wav,dataset\final\train\unknown\0032.wav
train,unknown,real,0033.wav,dataset\final\train\unknown\0033.wav
train,unknown,real,0034.wav,dataset\final\train\unknown\0034.wav
train,unknown,real,0035.wav,dataset\final\train\unknown\0035.wav
train,unknown,real,0036.wav,dataset\final\train\unknown\0036.wav
train,unknown,real,0037.wav,dataset\final\train\unknown\0037.wav
train,unknown,real,0038.wav,dataset\final\train\unknown\0038.wav
train,unknown,real,0039.wav,dataset\final\train\unknown\0039.wav
train,unknown,real,0040.wav,dataset\final\train\unknown\0040.wav
train,unknown,real,0041.wav,dataset\final\train\unknown\0041.wav
train,unknown,real,0042.wav,dataset\final\train\unknown\0042.wav
train,unknown,real,0043.wav,dataset\final\train\unknown\0043.wav
train,unknown,real,0044.wav,dataset\final\train\unknown\0044.wav
train,unknown,real,0045.wav,dataset\final\train\unknown\0045.wav
train,unknown,real,0046.wav,dataset\final\train\unknown\0046.wav
train,unknown,real,0047.wav,dataset\final\train\unknown\0047.wav
train,unknown,real,0048.wav,dataset\final\train\unknown\0048.wav
train,unknown,real,0049.wav,dataset\final\train\unknown\0049.wav
train,unknown,real,0050.wav,dataset\final\train\unknown\0050.wav
train,unknown,real,0051.wav,dataset\final\train\unknown\0051.wav
train,unknown,real,0052.wav,dataset\final\train\unknown\0052.wav
train,unknown,real,0053.wav,dataset\final\train\unknown\0053.wav
train,unknown,real,0054.wav,dataset\final\train\unknown\0054.wav
train,unknown,real,0055.wav,dataset\final\train\unknown\0055.wav
train,unknown,real,0056.wav,dataset\final\train\unknown\0056.wav
train,unknown,real,0057.wav,dataset\final\train\unknown\0057.wav
train,unknown,real,0058.wav,dataset\final\train\unknown\0058.wav
train,unknown,real,0059.wav,dataset\final\train\unknown\0059.wav
train,unknown,real,0060.wav,dataset\final\train\unknown\0060.wav
train,unknown,real,0061.wav,dataset\final\train\unknown\0061.wav
train,unknown,real,0062.wav,dataset\final\train\unknown\0062.wav
train,unknown,real,0063.wav,dataset\final\train\unknown\0063.wav
train,unknown,real,0064.wav,dataset\final\train\unknown\0064.wav
train,unknown,real,0065.wav,dataset\final\train\unknown\0065.wav
train,unknown,real,0066.wav,dataset\final\train\unknown\0066.wav
train,unknown,real,0067.wav,dataset\final\train\unknown\0067.wav
train,unknown,real,0068.wav,dataset\final\train\unknown\0068.wav
train,unknown,real,0069.wav,dataset\final\train\unknown\0069.wav
train,unknown,real,0070.wav,dataset\final\train\unknown\0070.wav
train,unknown,real,0071.wav,dataset\final\train\unknown\0071.wav
train,unknown,real,0072.wav,dataset\final\train\unknown\0072.wav
train,unknown,real,0073.wav,dataset\final\train\unknown\0073.wav
train,unknown,real,0074.wav,dataset\final\train\unknown\0074.wav
train,unknown,real,0075.wav,dataset\final\train\unknown\0075.wav
train,unknown,real,0076.wav,dataset\final\train\unknown\0076.wav
train,unknown,real,0077.wav,dataset\final\train\unknown\0077.wav
train,unknown,real,0078.wav,dataset\final\train\unknown\0078.wav
train,unknown,real,0079.wav,dataset\final\train\unknown\0079.wav
train,unknown,real,0080.wav,dataset\final\train\unknown\0080.wav
train,unknown,real,0081.wav,dataset\final\train\unknown\0081.wav
train,unknown,real,0082.wav,dataset\final\train\unknown\0082.wav
train,unknown,real,0083.wav,dataset\final\train\unknown\0083.wav
train,unknown,real,0084.wav,dataset\final\train\unknown\0084.wav
train,unknown,real,0085.wav,dataset\final\train\unknown\0085.wav
train,unknown,real,0086.wav,dataset\final\train\unknown\0086.wav
train,unknown,real,0087.wav,dataset\final\train\unknown\0087.wav
train,unknown,real,0088.wav,dataset\final\train\unknown\0088.wav
train,unknown,real,0089.wav,dataset\final\train\unknown\0089.wav
train,unknown,real,0090.wav,dataset\final\train\unknown\0090.wav
train,unknown,real,0091.wav,dataset\final\train\unknown\0091.wav
train,unknown,real,0092.wav,dataset\final\train\unknown\0092.wav
train,unknown,real,0093.wav,dataset\final\train\unknown\0093.wav
train,unknown,real,0094.wav,dataset\final\train\unknown\0094.wav
train,unknown,real,0095.wav,dataset\final\train\unknown\0095.wav
train,unknown,real,0096.wav,dataset\final\train\unknown\0096.wav
train,unknown,real,0097.wav,dataset\final\train\unknown\0097.wav
train,unknown,real,0098.wav,dataset\final\train\unknown\0098.wav
train,unknown,real,0099.wav,dataset\final\train\unknown\0099.wav
train,unknown,real,0100.wav,dataset\final\train\unknown\0100.wav
train,unknown,real,0101.wav,dataset\final\train\unknown\0101.wav
train,unknown,real,0102.wav,dataset\final\train\unknown\0102.wav
train,unknown,real,0103.wav,dataset\final\train\unknown\0103.wav
train,unknown,real,0104.wav,dataset\final\train\unknown\0104.wav
train,unknown,real,0105.wav,dataset\final\train\unknown\0105.wav
train,unknown,real,0106.wav,dataset\final\train\unknown\0106.wav
train,unknown,real,0107.wav,dataset\final\train\unknown\0107.wav
train,unknown,real,0108.wav,dataset\final\train\unknown\0108.wav
train,unknown,real,0109.wav,dataset\final\train\unknown\0109.wav
train,unknown,real,0110.wav,dataset\final\train\unknown\0110.wav
train,unknown,real,0111.wav,dataset\final\train\unknown\0111.wav
train,unknown,real,0112.wav,dataset\final\train\unknown\0112.wav
train,unknown,real,0113.wav,dataset\final\train\unknown\0113.wav
train,unknown,real,0114.wav,dataset\final\train\unknown\0114.wav
train,unknown,real,0115.wav,dataset\final\train\unknown\0115.wav
train,unknown,real,0116.wav,dataset\final\train\unknown\0116.wav
train,unknown,real,0117.wav,dataset\final\train\unknown\0117.wav
train,unknown,real,0118.wav,dataset\final\train\unknown\0118.wav
train,unknown,real,0119.wav,dataset\final\train\unknown\0119.wav
train,unknown,real,0120.wav,dataset\final\train\unknown\0120.wav
train,background,real,0000.wav,dataset\final\train\background\0000.wav
train,background,real,0001.wav,dataset\final\train\background\0001.wav
train,background,real,0002.wav,dataset\final\train\background\0002.wav
train,background,real,0003.wav,dataset\final\train\background\0003.wav
train,background,real,0004.wav,dataset\final\train\background\0004.wav
train,background,real,0005.wav,dataset\final\train\background\0005.wav
train,background,real,0006.wav,dataset\final\train\background\0006.wav
train,background,real,0007.wav,dataset\final\train\background\0007.wav
train,background,real,0008.wav,dataset\final\train\background\0008.wav
train,background,real,0009.wav,dataset\final\train\background\0009.wav
train,background,real,0010.wav,dataset\final\train\background\0010.wav
train,background,real,0011.wav,dataset\final\train\background\0011.wav
train,background,real,0012.wav,dataset\final\train\background\0012.wav
train,background,real,0013.wav,dataset\final\train\background\0013.wav
train,background,real,0014.wav,dataset\final\train\background\0014.wav
train,background,real,0015.wav,dataset\final\train\background\0015.wav
train,background,real,0016.wav,dataset\final\train\background\0016.wav
train,background,real,0017.wav,dataset\final\train\background\0017.wav
train,background,real,0018.wav,dataset\final\train\background\0018.wav
train,background,real,0019.wav,dataset\final\train\background\0019.wav
train,background,real,0020.wav,dataset\final\train\background\0020.wav
train,background,real,0021.wav,dataset\final\train\background\0021.wav
train,background,real,0022.wav,dataset\final\train\background\0022.wav
train,background,real,0023.wav,dataset\final\train\background\0023.wav
train,background,real,0024.wav,dataset\final\train\background\0024.wav
train,background,real,0025.wav,dataset\final\train\background\0025.wav
train,background,real,0026.wav,dataset\final\train\background\0026.wav
train,background,real,0027.wav,dataset\final\train\background\0027.wav
train,background,real,0028.wav,dataset\final\train\background\0028.wav
train,background,real,0029.wav,dataset\final\train\background\0029.wav
train,background,real,0030.wav,dataset\final\train\background\0030.wav
train,background,real,0031.wav,dataset\final\train\background\0031.wav
train,background,real,0032.wav,dataset\final\train\background\0032.wav
train,background,real,0033.wav,dataset\final\train\background\0033.wav
train,background,real,0034.wav,dataset\final\train\background\0034.wav
train,background,real,0035.wav,dataset\final\train\background\0035.wav
train,background,real,0036.wav,dataset\final\train\background\0036.wav
train,background,real,0037.wav,dataset\final\train\background\0037.wav
train,background,real,0038.wav,dataset\final\train\background\0038.wav
train,background,real,0039.wav,dataset\final\train\background\0039.wav
train,background,real,0040.wav,dataset\final\train\background\0040.wav
train,background,real,0041.wav,dataset\final\train\background\0041.wav
train,background,real,0042.wav,dataset\final\train\background\0042.wav
train,background,real,0043.wav,dataset\final\train\background\0043.wav
train,background,real,0044.wav,dataset\final\train\background\0044.wav
train,background,real,0045.wav,dataset\final\train\background\0045.wav
train,background,real,0046.wav,dataset\final\train\background\0046.wav
train,background,real,0047.wav,dataset\final\train\background\0047.wav
train,background,real,0048.wav,dataset\final\train\background\0048.wav
train,background,real,0049.wav,dataset\final\train\background\0049.wav
train,background,real,0050.wav,dataset\final\train\background\0050.wav
train,background,real,0051.wav,dataset\final\train\background\0051.wav
train,background,real,0052.wav,dataset\final\train\background\0052.wav
train,background,real,0053.wav,dataset\final\train\background\0053.wav
train,background,real,0054.wav,dataset\final\train\background\0054.wav
train,background,real,0055.wav,dataset\final\train\background\0055.wav
train,background,real,0056.wav,dataset\final\train\background\0056.wav
train,background,real,0057.wav,dataset\final\train\background\0057.wav
train,background,real,0058.wav,dataset\final\train\background\0058.wav
train,background,real,0059.wav,dataset\final\train\background\0059.wav
train,background,real,0060.wav,dataset\final\train\background\0060.wav
train,background,real,0061.wav,dataset\final\train\background\0061.wav
train,background,real,0062.wav,dataset\final\train\background\0062.wav
train,background,real,0063.wav,dataset\final\train\background\0063.wav
train,background,real,0064.wav,dataset\final\train\background\0064.wav
train,background,real,0065.wav,dataset\final\train\background\0065.wav
train,background,real,0066.wav,dataset\final\train\background\0066.wav
train,background,real,0067.wav,dataset\final\train\background\0067.wav
train,background,real,0068.wav,dataset\final\train\background\0068.wav
train,background,real,0069.wav,dataset\final\train\background\0069.wav
train,background,real,0070.wav,dataset\final\train\background\0070.wav
train,background,real,0071.wav,dataset\final\train\background\0071.wav
train,background,real,0072.wav,dataset\final\train\background\0072.wav
train,background,real,0073.wav,dataset\final\train\background\0073.wav
train,background,real,0074.wav,dataset\final\train\background\0074.wav
train,background,real,0075.wav,dataset\final\train\background\0075.wav
train,background,real,0076.wav,dataset\final\train\background\0076.wav
train,background,real,0077.wav,dataset\final\train\background\0077.wav
train,background,real,0078.wav,dataset\final\train\background\0078.wav
train,background,real,0079.wav,dataset\final\train\background\0079.wav
train,background,real,0080.wav,dataset\final\train\background\0080.wav
train,background,real,0081.wav,dataset\final\train\background\0081.wav
train,background,real,0082.wav,dataset\final\train\background\0082.wav
train,background,real,0083.wav,dataset\final\train\background\0083.wav
train,background,real,0084.wav,dataset\final\train\background\0084.wav
train,background,real,0085.wav,dataset\final\train\background\0085.wav
train,background,real,0086.wav,dataset\final\train\background\0086.wav
train,background,real,0087.wav,dataset\final\train\background\0087.wav
train,background,real,0088.wav,dataset\final\train\background\0088.wav
train,background,real,0089.wav,dataset\final\train\background\0089.wav
train,background,real,0090.wav,dataset\final\train\background\0090.wav
train,background,real,0091.wav,dataset\final\train\background\0091.wav
train,background,real,0092.wav,dataset\final\train\background\0092.wav
train,background,real,0093.wav,dataset\final\train\background\0093.wav
train,background,real,0094.wav,dataset\final\train\background\0094.wav
train,background,real,0095.wav,dataset\final\train\background\0095.wav
train,background,real,0096.wav,dataset\final\train\background\0096.wav
train,background,real,0097.wav,dataset\final\train\background\0097.wav
train,background,real,0098.wav,dataset\final\train\background\0098.wav
train,background,real,0099.wav,dataset\final\train\background\0099.wav
train,background,real,0100.wav,dataset\final\train\background\0100.wav
train,background,real,0101.wav,dataset\final\train\background\0101.wav
train,background,real,0102.wav,dataset\final\train\background\0102.wav
train,background,real,0103.wav,dataset\final\train\background\0103.wav
train,background,real,0104.wav,dataset\final\train\background\0104.wav
train,background,real,0105.wav,dataset\final\train\background\0105.wav
train,background,real,0106.wav,dataset\final\train\background\0106.wav
train,background,real,0107.wav,dataset\final\train\background\0107.wav
train,background,real,0108.wav,dataset\final\train\background\0108.wav
train,background,real,0109.wav,dataset\final\train\background\0109.wav
train,background,real,0110.wav,dataset\final\train\background\0110.wav
train,background,real,0111.wav,dataset\final\train\background\0111.wav
train,background,real,0112.wav,dataset\final\train\background\0112.wav
train,background,real,0113.wav,dataset\final\train\background\0113.wav
train,background,real,0114.wav,dataset\final\train\background\0114.wav
train,background,real,0115.wav,dataset\final\train\background\0115.wav
train,background,real,0116.wav,dataset\final\train\background\0116.wav
train,background,real,0117.wav,dataset\final\train\background\0117.wav
train,background,real,0118.wav,dataset\final\train\background\0118.wav
train,background,real,0119.wav,dataset\final\train\background\0119.wav
train,background,real,0120.wav,dataset\final\train\background\0120.wav
train,positive,synthetic,0000_v01.wav,dataset\synthetic\train\positive\0000_v01.wav
train,positive,synthetic,0000_v02.wav,dataset\synthetic\train\positive\0000_v02.wav
train,positive,synthetic,0001_v01.wav,dataset\synthetic\train\positive\0001_v01.wav
train,positive,synthetic,0001_v02.wav,dataset\synthetic\train\positive\0001_v02.wav
train,positive,synthetic,0002_v01.wav,dataset\synthetic\train\positive\0002_v01.wav
train,positive,synthetic,0002_v02.wav,dataset\synthetic\train\positive\0002_v02.wav
train,positive,synthetic,0003_v01.wav,dataset\synthetic\train\positive\0003_v01.wav
train,positive,synthetic,0003_v02.wav,dataset\synthetic\train\positive\0003_v02.wav
train,positive,synthetic,0004_v01.wav,dataset\synthetic\train\positive\0004_v01.wav
train,positive,synthetic,0004_v02.wav,dataset\synthetic\train\positive\0004_v02.wav
train,positive,synthetic,0005_v01.wav,dataset\synthetic\train\positive\0005_v01.wav
train,positive,synthetic,0005_v02.wav,dataset\synthetic\train\positive\0005_v02.wav
train,positive,synthetic,0006_v01.wav,dataset\synthetic\train\positive\0006_v01.wav
train,positive,synthetic,0006_v02.wav,dataset\synthetic\train\positive\0006_v02.wav
train,positive,synthetic,0007_v01.wav,dataset\synthetic\train\positive\0007_v01.wav
train,positive,synthetic,0007_v02.wav,dataset\synthetic\train\positive\0007_v02.wav
train,positive,synthetic,0008_v01.wav,dataset\synthetic\train\positive\0008_v01.wav
train,positive,synthetic,0008_v02.wav,dataset\synthetic\train\positive\0008_v02.wav
train,positive,synthetic,0009_v01.wav,dataset\synthetic\train\positive\0009_v01.wav
train,positive,synthetic,0009_v02.wav,dataset\synthetic\train\positive\0009_v02.wav
train,positive,synthetic,0010_v01.wav,dataset\synthetic\train\positive\0010_v01.wav
train,positive,synthetic,0010_v02.wav,dataset\synthetic\train\positive\0010_v02.wav
train,positive,synthetic,0011_v01.wav,dataset\synthetic\train\positive\0011_v01.wav
train,positive,synthetic,0011_v02.wav,dataset\synthetic\train\positive\0011_v02.wav
train,positive,synthetic,0012_v01.wav,dataset\synthetic\train\positive\0012_v01.wav
train,positive,synthetic,0012_v02.wav,dataset\synthetic\train\positive\0012_v02.wav
train,positive,synthetic,0013_v01.wav,dataset\synthetic\train\positive\0013_v01.wav
train,positive,synthetic,0013_v02.wav,dataset\synthetic\train\positive\0013_v02.wav
train,positive,synthetic,0014_v01.wav,dataset\synthetic\train\positive\0014_v01.wav
train,positive,synthetic,0014_v02.wav,dataset\synthetic\train\positive\0014_v02.wav
train,positive,synthetic,0015_v01.wav,dataset\synthetic\train\positive\0015_v01.wav
train,positive,synthetic,0015_v02.wav,dataset\synthetic\train\positive\0015_v02.wav
train,positive,synthetic,0016_v01.wav,dataset\synthetic\train\positive\0016_v01.wav
train,positive,synthetic,0016_v02.wav,dataset\synthetic\train\positive\0016_v02.wav
train,positive,synthetic,0017_v01.wav,dataset\synthetic\train\positive\0017_v01.wav
train,positive,synthetic,0017_v02.wav,dataset\synthetic\train\positive\0017_v02.wav
train,positive,synthetic,0018_v01.wav,dataset\synthetic\train\positive\0018_v01.wav
train,positive,synthetic,0018_v02.wav,dataset\synthetic\train\positive\0018_v02.wav
train,positive,synthetic,0019_v01.wav,dataset\synthetic\train\positive\0019_v01.wav
train,positive,synthetic,0019_v02.wav,dataset\synthetic\train\positive\0019_v02.wav
train,positive,synthetic,0020_v01.wav,dataset\synthetic\train\positive\0020_v01.wav
train,positive,synthetic,0020_v02.wav,dataset\synthetic\train\positive\0020_v02.wav
train,positive,synthetic,0021_v01.wav,dataset\synthetic\train\positive\0021_v01.wav
train,positive,synthetic,0021_v02.wav,dataset\synthetic\train\positive\0021_v02.wav
train,positive,synthetic,0022_v01.wav,dataset\synthetic\train\positive\0022_v01.wav
train,positive,synthetic,0022_v02.wav,dataset\synthetic\train\positive\0022_v02.wav
train,positive,synthetic,0023_v01.wav,dataset\synthetic\train\positive\0023_v01.wav
train,positive,synthetic,0023_v02.wav,dataset\synthetic\train\positive\0023_v02.wav
train,positive,synthetic,0024_v01.wav,dataset\synthetic\train\positive\0024_v01.wav
train,positive,synthetic,0024_v02.wav,dataset\synthetic\train\positive\0024_v02.wav
train,positive,synthetic,0025_v01.wav,dataset\synthetic\train\positive\0025_v01.wav
train,positive,synthetic,0025_v02.wav,dataset\synthetic\train\positive\0025_v02.wav
train,positive,synthetic,0026_v01.wav,dataset\synthetic\train\positive\0026_v01.wav
train,positive,synthetic,0026_v02.wav,dataset\synthetic\train\positive\0026_v02.wav
train,positive,synthetic,0027_v01.wav,dataset\synthetic\train\positive\0027_v01.wav
train,positive,synthetic,0027_v02.wav,dataset\synthetic\train\positive\0027_v02.wav
train,positive,synthetic,0028_v01.wav,dataset\synthetic\train\positive\0028_v01.wav
train,positive,synthetic,0028_v02.wav,dataset\synthetic\train\positive\0028_v02.wav
train,positive,synthetic,0029_v01.wav,dataset\synthetic\train\positive\0029_v01.wav
train,positive,synthetic,0029_v02.wav,dataset\synthetic\train\positive\0029_v02.wav
train,positive,synthetic,0030_v01.wav,dataset\synthetic\train\positive\0030_v01.wav
train,positive,synthetic,0030_v02.wav,dataset\synthetic\train\positive\0030_v02.wav
train,positive,synthetic,0031_v01.wav,dataset\synthetic\train\positive\0031_v01.wav
train,positive,synthetic,0031_v02.wav,dataset\synthetic\train\positive\0031_v02.wav
train,positive,synthetic,0032_v01.wav,dataset\synthetic\train\positive\0032_v01.wav
train,positive,synthetic,0032_v02.wav,dataset\synthetic\train\positive\0032_v02.wav
train,positive,synthetic,0033_v01.wav,dataset\synthetic\train\positive\0033_v01.wav
train,positive,synthetic,0033_v02.wav,dataset\synthetic\train\positive\0033_v02.wav
train,positive,synthetic,0034_v01.wav,dataset\synthetic\train\positive\0034_v01.wav
train,positive,synthetic,0034_v02.wav,dataset\synthetic\train\positive\0034_v02.wav
train,positive,synthetic,0035_v01.wav,dataset\synthetic\train\positive\0035_v01.wav
train,positive,synthetic,0035_v02.wav,dataset\synthetic\train\positive\0035_v02.wav
train,positive,synthetic,0036_v01.wav,dataset\synthetic\train\positive\0036_v01.wav
train,positive,synthetic,0036_v02.wav,dataset\synthetic\train\positive\0036_v02.wav
train,positive,synthetic,0037_v01.wav,dataset\synthetic\train\positive\0037_v01.wav
train,positive,synthetic,0037_v02.wav,dataset\synthetic\train\positive\0037_v02.wav
train,positive,synthetic,0038_v01.wav,dataset\synthetic\train\positive\0038_v01.wav
train,positive,synthetic,0038_v02.wav,dataset\synthetic\train\positive\0038_v02.wav
train,positive,synthetic,0039_v01.wav,dataset\synthetic\train\positive\0039_v01.wav
train,positive,synthetic,0039_v02.wav,dataset\synthetic\train\positive\0039_v02.wav
train,positive,synthetic,0040_v01.wav,dataset\synthetic\train\positive\0040_v01.wav
train,positive,synthetic,0040_v02.wav,dataset\synthetic\train\positive\0040_v02.wav
train,positive,synthetic,0041_v01.wav,dataset\synthetic\train\positive\0041_v01.wav
train,positive,synthetic,0041_v02.wav,dataset\synthetic\train\positive\0041_v02.wav
train,positive,synthetic,0042_v01.wav,dataset\synthetic\train\positive\0042_v01.wav
train,positive,synthetic,0042_v02.wav,dataset\synthetic\train\positive\0042_v02.wav
train,positive,synthetic,0043_v01.wav,dataset\synthetic\train\positive\0043_v01.wav
train,positive,synthetic,0043_v02.wav,dataset\synthetic\train\positive\0043_v02.wav
train,positive,synthetic,0044_v01.wav,dataset\synthetic\train\positive\0044_v01.wav
train,positive,synthetic,0044_v02.wav,dataset\synthetic\train\positive\0044_v02.wav
train,positive,synthetic,0045_v01.wav,dataset\synthetic\train\positive\0045_v01.wav
train,positive,synthetic,0045_v02.wav,dataset\synthetic\train\positive\0045_v02.wav
train,positive,synthetic,0046_v01.wav,dataset\synthetic\train\positive\0046_v01.wav
train,positive,synthetic,0046_v02.wav,dataset\synthetic\train\positive\0046_v02.wav
train,positive,synthetic,0047_v01.wav,dataset\synthetic\train\positive\0047_v01.wav
train,positive,synthetic,0047_v02.wav,dataset\synthetic\train\positive\0047_v02.wav
train,positive,synthetic,0048_v01.wav,dataset\synthetic\train\positive\0048_v01.wav
train,positive,synthetic,0048_v02.wav,dataset\synthetic\train\positive\0048_v02.wav
train,positive,synthetic,0049_v01.wav,dataset\synthetic\train\positive\0049_v01.wav
train,positive,synthetic,0049_v02.wav,dataset\synthetic\train\positive\0049_v02.wav
train,positive,synthetic,0050_v01.wav,dataset\synthetic\train\positive\0050_v01.wav
train,positive,synthetic,0050_v02.wav,dataset\synthetic\train\positive\0050_v02.wav
train,positive,synthetic,0051_v01.wav,dataset\synthetic\train\positive\0051_v01.wav
train,positive,synthetic,0051_v02.wav,dataset\synthetic\train\positive\0051_v02.wav
train,positive,synthetic,0052_v01.wav,dataset\synthetic\train\positive\0052_v01.wav
train,positive,synthetic,0052_v02.wav,dataset\synthetic\train\positive\0052_v02.wav
train,positive,synthetic,0053_v01.wav,dataset\synthetic\train\positive\0053_v01.wav
train,positive,synthetic,0053_v02.wav,dataset\synthetic\train\positive\0053_v02.wav
train,positive,synthetic,0054_v01.wav,dataset\synthetic\train\positive\0054_v01.wav
train,positive,synthetic,0054_v02.wav,dataset\synthetic\train\positive\0054_v02.wav
train,positive,synthetic,0055_v01.wav,dataset\synthetic\train\positive\0055_v01.wav
train,positive,synthetic,0055_v02.wav,dataset\synthetic\train\positive\0055_v02.wav
train,positive,synthetic,0056_v01.wav,dataset\synthetic\train\positive\0056_v01.wav
train,positive,synthetic,0056_v02.wav,dataset\synthetic\train\positive\0056_v02.wav
train,positive,synthetic,0057_v01.wav,dataset\synthetic\train\positive\0057_v01.wav
train,positive,synthetic,0057_v02.wav,dataset\synthetic\train\positive\0057_v02.wav
train,positive,synthetic,0058_v01.wav,dataset\synthetic\train\positive\0058_v01.wav
train,positive,synthetic,0058_v02.wav,dataset\synthetic\train\positive\0058_v02.wav
train,positive,synthetic,0059_v01.wav,dataset\synthetic\train\positive\0059_v01.wav
train,positive,synthetic,0059_v02.wav,dataset\synthetic\train\positive\0059_v02.wav
train,positive,synthetic,0060_v01.wav,dataset\synthetic\train\positive\0060_v01.wav
train,positive,synthetic,0060_v02.wav,dataset\synthetic\train\positive\0060_v02.wav
train,positive,synthetic,0061_v01.wav,dataset\synthetic\train\positive\0061_v01.wav
train,positive,synthetic,0061_v02.wav,dataset\synthetic\train\positive\0061_v02.wav
train,positive,synthetic,0062_v01.wav,dataset\synthetic\train\positive\0062_v01.wav
train,positive,synthetic,0062_v02.wav,dataset\synthetic\train\positive\0062_v02.wav
train,positive,synthetic,0063_v01.wav,dataset\synthetic\train\positive\0063_v01.wav
train,positive,synthetic,0063_v02.wav,dataset\synthetic\train\positive\0063_v02.wav
train,positive,synthetic,0064_v01.wav,dataset\synthetic\train\positive\0064_v01.wav
train,positive,synthetic,0064_v02.wav,dataset\synthetic\train\positive\0064_v02.wav
train,positive,synthetic,0065_v01.wav,dataset\synthetic\train\positive\0065_v01.wav
train,positive,synthetic,0065_v02.wav,dataset\synthetic\train\positive\0065_v02.wav
train,positive,synthetic,0066_v01.wav,dataset\synthetic\train\positive\0066_v01.wav
train,positive,synthetic,0066_v02.wav,dataset\synthetic\train\positive\0066_v02.wav
train,positive,synthetic,0067_v01.wav,dataset\synthetic\train\positive\0067_v01.wav
train,positive,synthetic,0067_v02.wav,dataset\synthetic\train\positive\0067_v02.wav
train,positive,synthetic,0068_v01.wav,dataset\synthetic\train\positive\0068_v01.wav
train,positive,synthetic,0068_v02.wav,dataset\synthetic\train\positive\0068_v02.wav
train,positive,synthetic,0069_v01.wav,dataset\synthetic\train\positive\0069_v01.wav
train,positive,synthetic,0069_v02.wav,dataset\synthetic\train\positive\0069_v02.wav
train,positive,synthetic,0070_v01.wav,dataset\synthetic\train\positive\0070_v01.wav
train,positive,synthetic,0070_v02.wav,dataset\synthetic\train\positive\0070_v02.wav
train,positive,synthetic,0071_v01.wav,dataset\synthetic\train\positive\0071_v01.wav
train,positive,synthetic,0071_v02.wav,dataset\synthetic\train\positive\0071_v02.wav
train,positive,synthetic,0072_v01.wav,dataset\synthetic\train\positive\0072_v01.wav
train,positive,synthetic,0072_v02.wav,dataset\synthetic\train\positive\0072_v02.wav
train,positive,synthetic,0073_v01.wav,dataset\synthetic\train\positive\0073_v01.wav
train,positive,synthetic,0073_v02.wav,dataset\synthetic\train\positive\0073_v02.wav
train,positive,synthetic,0074_v01.wav,dataset\synthetic\train\positive\0074_v01.wav
train,positive,synthetic,0074_v02.wav,dataset\synthetic\train\positive\0074_v02.wav
train,positive,synthetic,0075_v01.wav,dataset\synthetic\train\positive\0075_v01.wav
train,positive,synthetic,0075_v02.wav,dataset\synthetic\train\positive\0075_v02.wav
train,positive,synthetic,0076_v01.wav,dataset\synthetic\train\positive\0076_v01.wav
train,positive,synthetic,0076_v02.wav,dataset\synthetic\train\positive\0076_v02.wav
train,positive,synthetic,0077_v01.wav,dataset\synthetic\train\positive\0077_v01.wav
train,positive,synthetic,0077_v02.wav,dataset\synthetic\train\positive\0077_v02.wav
train,positive,synthetic,0078_v01.wav,dataset\synthetic\train\positive\0078_v01.wav
train,positive,synthetic,0078_v02.wav,dataset\synthetic\train\positive\0078_v02.wav
train,positive,synthetic,0079_v01.wav,dataset\synthetic\train\positive\0079_v01.wav
train,positive,synthetic,0079_v02.wav,dataset\synthetic\train\positive\0079_v02.wav
train,positive,synthetic,0080_v01.wav,dataset\synthetic\train\positive\0080_v01.wav
train,positive,synthetic,0080_v02.wav,dataset\synthetic\train\positive\0080_v02.wav
train,positive,synthetic,0081_v01.wav,dataset\synthetic\train\positive\0081_v01.wav
train,positive,synthetic,0081_v02.wav,dataset\synthetic\train\positive\0081_v02.wav
train,positive,synthetic,0082_v01.wav,dataset\synthetic\train\positive\0082_v01.wav
train,positive,synthetic,0082_v02.wav,dataset\synthetic\train\positive\0082_v02.wav
train,positive,synthetic,0083_v01.wav,dataset\synthetic\train\positive\0083_v01.wav
train,positive,synthetic,0083_v02.wav,dataset\synthetic\train\positive\0083_v02.wav
train,positive,synthetic,0084_v01.wav,dataset\synthetic\train\positive\0084_v01.wav
train,positive,synthetic,0084_v02.wav,dataset\synthetic\train\positive\0084_v02.wav
train,positive,synthetic,0085_v01.wav,dataset\synthetic\train\positive\0085_v01.wav
train,positive,synthetic,0085_v02.wav,dataset\synthetic\train\positive\0085_v02.wav
train,positive,synthetic,0086_v01.wav,dataset\synthetic\train\positive\0086_v01.wav
train,positive,synthetic,0086_v02.wav,dataset\synthetic\train\positive\0086_v02.wav
train,positive,synthetic,0087_v01.wav,dataset\synthetic\train\positive\0087_v01.wav
train,positive,synthetic,0087_v02.wav,dataset\synthetic\train\positive\0087_v02.wav
train,positive,synthetic,0088_v01.wav,dataset\synthetic\train\positive\0088_v01.wav
train,positive,synthetic,0088_v02.wav,dataset\synthetic\train\positive\0088_v02.wav
train,positive,synthetic,0089_v01.wav,dataset\synthetic\train\positive\0089_v01.wav
train,positive,synthetic,0089_v02.wav,dataset\synthetic\train\positive\0089_v02.wav
train,positive,synthetic,0090_v01.wav,dataset\synthetic\train\positive\0090_v01.wav
train,positive,synthetic,0090_v02.wav,dataset\synthetic\train\positive\0090_v02.wav
train,positive,synthetic,0091_v01.wav,dataset\synthetic\train\positive\0091_v01.wav
train,positive,synthetic,0091_v02.wav,dataset\synthetic\train\positive\0091_v02.wav
train,positive,synthetic,0092_v01.wav,dataset\synthetic\train\positive\0092_v01.wav
train,positive,synthetic,0092_v02.wav,dataset\synthetic\train\positive\0092_v02.wav
train,positive,synthetic,0093_v01.wav,dataset\synthetic\train\positive\0093_v01.wav
train,positive,synthetic,0093_v02.wav,dataset\synthetic\train\positive\0093_v02.wav
train,positive,synthetic,0094_v01.wav,dataset\synthetic\train\positive\0094_v01.wav
train,positive,synthetic,0094_v02.wav,dataset\synthetic\train\positive\0094_v02.wav
train,positive,synthetic,0095_v01.wav,dataset\synthetic\train\positive\0095_v01.wav
train,positive,synthetic,0095_v02.wav,dataset\synthetic\train\positive\0095_v02.wav
train,positive,synthetic,0096_v01.wav,dataset\synthetic\train\positive\0096_v01.wav
train,positive,synthetic,0096_v02.wav,dataset\synthetic\train\positive\0096_v02.wav
train,positive,synthetic,0097_v01.wav,dataset\synthetic\train\positive\0097_v01.wav
train,positive,synthetic,0097_v02.wav,dataset\synthetic\train\positive\0097_v02.wav
train,positive,synthetic,0098_v01.wav,dataset\synthetic\train\positive\0098_v01.wav
train,positive,synthetic,0098_v02.wav,dataset\synthetic\train\positive\0098_v02.wav
train,positive,synthetic,0099_v01.wav,dataset\synthetic\train\positive\0099_v01.wav
train,positive,synthetic,0099_v02.wav,dataset\synthetic\train\positive\0099_v02.wav
train,positive,synthetic,0100_v01.wav,dataset\synthetic\train\positive\0100_v01.wav
train,positive,synthetic,0100_v02.wav,dataset\synthetic\train\positive\0100_v02.wav
train,positive,synthetic,0101_v01.wav,dataset\synthetic\train\positive\0101_v01.wav
train,positive,synthetic,0101_v02.wav,dataset\synthetic\train\positive\0101_v02.wav
train,positive,synthetic,0102_v01.wav,dataset\synthetic\train\positive\0102_v01.wav
train,positive,synthetic,0102_v02.wav,dataset\synthetic\train\positive\0102_v02.wav
train,positive,synthetic,0103_v01.wav,dataset\synthetic\train\positive\0103_v01.wav
train,positive,synthetic,0103_v02.wav,dataset\synthetic\train\positive\0103_v02.wav
train,positive,synthetic,0104_v01.wav,dataset\synthetic\train\positive\0104_v01.wav
train,positive,synthetic,0104_v02.wav,dataset\synthetic\train\positive\0104_v02.wav
train,positive,synthetic,0105_v01.wav,dataset\synthetic\train\positive\0105_v01.wav
train,positive,synthetic,0105_v02.wav,dataset\synthetic\train\positive\0105_v02.wav
train,positive,synthetic,0106_v01.wav,dataset\synthetic\train\positive\0106_v01.wav
train,positive,synthetic,0106_v02.wav,dataset\synthetic\train\positive\0106_v02.wav
train,positive,synthetic,0107_v01.wav,dataset\synthetic\train\positive\0107_v01.wav
train,positive,synthetic,0107_v02.wav,dataset\synthetic\train\positive\0107_v02.wav
train,positive,synthetic,0108_v01.wav,dataset\synthetic\train\positive\0108_v01.wav
train,positive,synthetic,0108_v02.wav,dataset\synthetic\train\positive\0108_v02.wav
train,positive,synthetic,0109_v01.wav,dataset\synthetic\train\positive\0109_v01.wav
train,positive,synthetic,0109_v02.wav,dataset\synthetic\train\positive\0109_v02.wav
train,positive,synthetic,0110_v01.wav,dataset\synthetic\train\positive\0110_v01.wav
train,positive,synthetic,0110_v02.wav,dataset\synthetic\train\positive\0110_v02.wav
train,positive,synthetic,0111_v01.wav,dataset\synthetic\train\positive\0111_v01.wav
train,positive,synthetic,0111_v02.wav,dataset\synthetic\train\positive\0111_v02.wav
train,positive,synthetic,0112_v01.wav,dataset\synthetic\train\positive\0112_v01.wav
train,positive,synthetic,0112_v02.wav,dataset\synthetic\train\positive\0112_v02.wav
train,positive,synthetic,0113_v01.wav,dataset\synthetic\train\positive\0113_v01.wav
train,positive,synthetic,0113_v02.wav,dataset\synthetic\train\positive\0113_v02.wav
train,positive,synthetic,0114_v01.wav,dataset\synthetic\train\positive\0114_v01.wav
train,positive,synthetic,0114_v02.wav,dataset\synthetic\train\positive\0114_v02.wav
train,positive,synthetic,0115_v01.wav,dataset\synthetic\train\positive\0115_v01.wav
train,positive,synthetic,0115_v02.wav,dataset\synthetic\train\positive\0115_v02.wav
train,positive,synthetic,0116_v01.wav,dataset\synthetic\train\positive\0116_v01.wav
train,positive,synthetic,0116_v02.wav,dataset\synthetic\train\positive\0116_v02.wav
train,positive,synthetic,0117_v01.wav,dataset\synthetic\train\positive\0117_v01.wav
train,positive,synthetic,0117_v02.wav,dataset\synthetic\train\positive\0117_v02.wav
train,positive,synthetic,0118_v01.wav,dataset\synthetic\train\positive\0118_v01.wav
train,positive,synthetic,0118_v02.wav,dataset\synthetic\train\positive\0118_v02.wav
train,positive,synthetic,0119_v01.wav,dataset\synthetic\train\positive\0119_v01.wav
train,positive,synthetic,0119_v02.wav,dataset\synthetic\train\positive\0119_v02.wav
train,positive,synthetic,0120_v01.wav,dataset\synthetic\train\positive\0120_v01.wav
train,positive,synthetic,0120_v02.wav,dataset\synthetic\train\positive\0120_v02.wav
train,unknown,synthetic,0000_v01.wav,dataset\synthetic\train\unknown\0000_v01.wav
train,unknown,synthetic,0000_v02.wav,dataset\synthetic\train\unknown\0000_v02.wav
train,unknown,synthetic,0001_v01.wav,dataset\synthetic\train\unknown\0001_v01.wav
train,unknown,synthetic,0001_v02.wav,dataset\synthetic\train\unknown\0001_v02.wav
train,unknown,synthetic,0002_v01.wav,dataset\synthetic\train\unknown\0002_v01.wav
train,unknown,synthetic,0002_v02.wav,dataset\synthetic\train\unknown\0002_v02.wav
train,unknown,synthetic,0003_v01.wav,dataset\synthetic\train\unknown\0003_v01.wav
train,unknown,synthetic,0003_v02.wav,dataset\synthetic\train\unknown\0003_v02.wav
train,unknown,synthetic,0004_v01.wav,dataset\synthetic\train\unknown\0004_v01.wav
train,unknown,synthetic,0004_v02.wav,dataset\synthetic\train\unknown\0004_v02.wav
train,unknown,synthetic,0005_v01.wav,dataset\synthetic\train\unknown\0005_v01.wav
train,unknown,synthetic,0005_v02.wav,dataset\synthetic\train\unknown\0005_v02.wav
train,unknown,synthetic,0006_v01.wav,dataset\synthetic\train\unknown\0006_v01.wav
train,unknown,synthetic,0006_v02.wav,dataset\synthetic\train\unknown\0006_v02.wav
train,unknown,synthetic,0007_v01.wav,dataset\synthetic\train\unknown\0007_v01.wav
train,unknown,synthetic,0007_v02.wav,dataset\synthetic\train\unknown\0007_v02.wav
train,unknown,synthetic,0008_v01.wav,dataset\synthetic\train\unknown\0008_v01.wav
train,unknown,synthetic,0008_v02.wav,dataset\synthetic\train\unknown\0008_v02.wav
train,unknown,synthetic,0009_v01.wav,dataset\synthetic\train\unknown\0009_v01.wav
train,unknown,synthetic,0009_v02.wav,dataset\synthetic\train\unknown\0009_v02.wav
train,unknown,synthetic,0010_v01.wav,dataset\synthetic\train\unknown\0010_v01.wav
train,unknown,synthetic,0010_v02.wav,dataset\synthetic\train\unknown\0010_v02.wav
train,unknown,synthetic,0011_v01.wav,dataset\synthetic\train\unknown\0011_v01.wav
train,unknown,synthetic,0011_v02.wav,dataset\synthetic\train\unknown\0011_v02.wav
train,unknown,synthetic,0012_v01.wav,dataset\synthetic\train\unknown\0012_v01.wav
train,unknown,synthetic,0012_v02.wav,dataset\synthetic\train\unknown\0012_v02.wav
train,unknown,synthetic,0013_v01.wav,dataset\synthetic\train\unknown\0013_v01.wav
train,unknown,synthetic,0013_v02.wav,dataset\synthetic\train\unknown\0013_v02.wav
train,unknown,synthetic,0014_v01.wav,dataset\synthetic\train\unknown\0014_v01.wav
train,unknown,synthetic,0014_v02.wav,dataset\synthetic\train\unknown\0014_v02.wav
train,unknown,synthetic,0015_v01.wav,dataset\synthetic\train\unknown\0015_v01.wav
train,unknown,synthetic,0015_v02.wav,dataset\synthetic\train\unknown\0015_v02.wav
train,unknown,synthetic,0016_v01.wav,dataset\synthetic\train\unknown\0016_v01.wav
train,unknown,synthetic,0016_v02.wav,dataset\synthetic\train\unknown\0016_v02.wav
train,unknown,synthetic,0017_v01.wav,dataset\synthetic\train\unknown\0017_v01.wav
train,unknown,synthetic,0017_v02.wav,dataset\synthetic\train\unknown\0017_v02.wav
train,unknown,synthetic,0018_v01.wav,dataset\synthetic\train\unknown\0018_v01.wav
train,unknown,synthetic,0018_v02.wav,dataset\synthetic\train\unknown\0018_v02.wav
train,unknown,synthetic,0019_v01.wav,dataset\synthetic\train\unknown\0019_v01.wav
train,unknown,synthetic,0019_v02.wav,dataset\synthetic\train\unknown\0019_v02.wav
train,unknown,synthetic,0020_v01.wav,dataset\synthetic\train\unknown\0020_v01.wav
train,unknown,synthetic,0020_v02.wav,dataset\synthetic\train\unknown\0020_v02.wav
train,unknown,synthetic,0021_v01.wav,dataset\synthetic\train\unknown\0021_v01.wav
train,unknown,synthetic,0021_v02.wav,dataset\synthetic\train\unknown\0021_v02.wav
train,unknown,synthetic,0022_v01.wav,dataset\synthetic\train\unknown\0022_v01.wav
train,unknown,synthetic,0022_v02.wav,dataset\synthetic\train\unknown\0022_v02.wav
train,unknown,synthetic,0023_v01.wav,dataset\synthetic\train\unknown\0023_v01.wav
train,unknown,synthetic,0023_v02.wav,dataset\synthetic\train\unknown\0023_v02.wav
train,unknown,synthetic,0024_v01.wav,dataset\synthetic\train\unknown\0024_v01.wav
train,unknown,synthetic,0024_v02.wav,dataset\synthetic\train\unknown\0024_v02.wav
train,unknown,synthetic,0025_v01.wav,dataset\synthetic\train\unknown\0025_v01.wav
train,unknown,synthetic,0025_v02.wav,dataset\synthetic\train\unknown\0025_v02.wav
train,unknown,synthetic,0026_v01.wav,dataset\synthetic\train\unknown\0026_v01.wav
train,unknown,synthetic,0026_v02.wav,dataset\synthetic\train\unknown\0026_v02.wav
train,unknown,synthetic,0027_v01.wav,dataset\synthetic\train\unknown\0027_v01.wav
train,unknown,synthetic,0027_v02.wav,dataset\synthetic\train\unknown\0027_v02.wav
train,unknown,synthetic,0028_v01.wav,dataset\synthetic\train\unknown\0028_v01.wav
train,unknown,synthetic,0028_v02.wav,dataset\synthetic\train\unknown\0028_v02.wav
train,unknown,synthetic,0029_v01.wav,dataset\synthetic\train\unknown\0029_v01.wav
train,unknown,synthetic,0029_v02.wav,dataset\synthetic\train\unknown\0029_v02.wav
train,unknown,synthetic,0030_v01.wav,dataset\synthetic\train\unknown\0030_v01.wav
train,unknown,synthetic,0030_v02.wav,dataset\synthetic\train\unknown\0030_v02.wav
train,unknown,synthetic,0031_v01.wav,dataset\synthetic\train\unknown\0031_v01.wav
train,unknown,synthetic,0031_v02.wav,dataset\synthetic\train\unknown\0031_v02.wav
train,unknown,synthetic,0032_v01.wav,dataset\synthetic\train\unknown\0032_v01.wav
train,unknown,synthetic,0032_v02.wav,dataset\synthetic\train\unknown\0032_v02.wav
train,unknown,synthetic,0033_v01.wav,dataset\synthetic\train\unknown\0033_v01.wav
train,unknown,synthetic,0033_v02.wav,dataset\synthetic\train\unknown\0033_v02.wav
train,unknown,synthetic,0034_v01.wav,dataset\synthetic\train\unknown\0034_v01.wav
train,unknown,synthetic,0034_v02.wav,dataset\synthetic\train\unknown\0034_v02.wav
train,unknown,synthetic,0035_v01.wav,dataset\synthetic\train\unknown\0035_v01.wav
train,unknown,synthetic,0035_v02.wav,dataset\synthetic\train\unknown\0035_v02.wav
train,unknown,synthetic,0036_v01.wav,dataset\synthetic\train\unknown\0036_v01.wav
train,unknown,synthetic,0036_v02.wav,dataset\synthetic\train\unknown\0036_v02.wav
train,unknown,synthetic,0037_v01.wav,dataset\synthetic\train\unknown\0037_v01.wav
train,unknown,synthetic,0037_v02.wav,dataset\synthetic\train\unknown\0037_v02.wav
train,unknown,synthetic,0038_v01.wav,dataset\synthetic\train\unknown\0038_v01.wav
train,unknown,synthetic,0038_v02.wav,dataset\synthetic\train\unknown\0038_v02.wav
train,unknown,synthetic,0039_v01.wav,dataset\synthetic\train\unknown\0039_v01.wav
train,unknown,synthetic,0039_v02.wav,dataset\synthetic\train\unknown\0039_v02.wav
train,unknown,synthetic,0040_v01.wav,dataset\synthetic\train\unknown\0040_v01.wav
train,unknown,synthetic,0040_v02.wav,dataset\synthetic\train\unknown\0040_v02.wav
train,unknown,synthetic,0041_v01.wav,dataset\synthetic\train\unknown\0041_v01.wav
train,unknown,synthetic,0041_v02.wav,dataset\synthetic\train\unknown\0041_v02.wav
train,unknown,synthetic,0042_v01.wav,dataset\synthetic\train\unknown\0042_v01.wav
train,unknown,synthetic,0042_v02.wav,dataset\synthetic\train\unknown\0042_v02.wav
train,unknown,synthetic,0043_v01.wav,dataset\synthetic\train\unknown\0043_v01.wav
train,unknown,synthetic,0043_v02.wav,dataset\synthetic\train\unknown\0043_v02.wav
train,unknown,synthetic,0044_v01.wav,dataset\synthetic\train\unknown\0044_v01.wav
train,unknown,synthetic,0044_v02.wav,dataset\synthetic\train\unknown\0044_v02.wav
train,unknown,synthetic,0045_v01.wav,dataset\synthetic\train\unknown\0045_v01.wav
train,unknown,synthetic,0045_v02.wav,dataset\synthetic\train\unknown\0045_v02.wav
train,unknown,synthetic,0046_v01.wav,dataset\synthetic\train\unknown\0046_v01.wav
train,unknown,synthetic,0046_v02.wav,dataset\synthetic\train\unknown\0046_v02.wav
train,unknown,synthetic,0047_v01.wav,dataset\synthetic\train\unknown\0047_v01.wav
train,unknown,synthetic,0047_v02.wav,dataset\synthetic\train\unknown\0047_v02.wav
train,unknown,synthetic,0048_v01.wav,dataset\synthetic\train\unknown\0048_v01.wav
train,unknown,synthetic,0048_v02.wav,dataset\synthetic\train\unknown\0048_v02.wav
train,unknown,synthetic,0049_v01.wav,dataset\synthetic\train\unknown\0049_v01.wav
train,unknown,synthetic,0049_v02.wav,dataset\synthetic\train\unknown\0049_v02.wav
train,unknown,synthetic,0050_v01.wav,dataset\synthetic\train\unknown\0050_v01.wav
train,unknown,synthetic,0050_v02.wav,dataset\synthetic\train\unknown\0050_v02.wav
train,unknown,synthetic,0051_v01.wav,dataset\synthetic\train\unknown\0051_v01.wav
train,unknown,synthetic,0051_v02.wav,dataset\synthetic\train\unknown\0051_v02.wav
train,unknown,synthetic,0052_v01.wav,dataset\synthetic\train\unknown\0052_v01.wav
train,unknown,synthetic,0052_v02.wav,dataset\synthetic\train\unknown\0052_v02.wav
train,unknown,synthetic,0053_v01.wav,dataset\synthetic\train\unknown\0053_v01.wav
train,unknown,synthetic,0053_v02.wav,dataset\synthetic\train\unknown\0053_v02.wav
train,unknown,synthetic,0054_v01.wav,dataset\synthetic\train\unknown\0054_v01.wav
train,unknown,synthetic,0054_v02.wav,dataset\synthetic\train\unknown\0054_v02.wav
train,unknown,synthetic,0055_v01.wav,dataset\synthetic\train\unknown\0055_v01.wav
train,unknown,synthetic,0055_v02.wav,dataset\synthetic\train\unknown\0055_v02.wav
train,unknown,synthetic,0056_v01.wav,dataset\synthetic\train\unknown\0056_v01.wav
train,unknown,synthetic,0056_v02.wav,dataset\synthetic\train\unknown\0056_v02.wav
train,unknown,synthetic,0057_v01.wav,dataset\synthetic\train\unknown\0057_v01.wav
train,unknown,synthetic,0057_v02.wav,dataset\synthetic\train\unknown\0057_v02.wav
train,unknown,synthetic,0058_v01.wav,dataset\synthetic\train\unknown\0058_v01.wav
train,unknown,synthetic,0058_v02.wav,dataset\synthetic\train\unknown\0058_v02.wav
train,unknown,synthetic,0059_v01.wav,dataset\synthetic\train\unknown\0059_v01.wav
train,unknown,synthetic,0059_v02.wav,dataset\synthetic\train\unknown\0059_v02.wav
train,unknown,synthetic,0060_v01.wav,dataset\synthetic\train\unknown\0060_v01.wav
train,unknown,synthetic,0060_v02.wav,dataset\synthetic\train\unknown\0060_v02.wav
train,unknown,synthetic,0061_v01.wav,dataset\synthetic\train\unknown\0061_v01.wav
train,unknown,synthetic,0061_v02.wav,dataset\synthetic\train\unknown\0061_v02.wav
train,unknown,synthetic,0062_v01.wav,dataset\synthetic\train\unknown\0062_v01.wav
train,unknown,synthetic,0062_v02.wav,dataset\synthetic\train\unknown\0062_v02.wav
train,unknown,synthetic,0063_v01.wav,dataset\synthetic\train\unknown\0063_v01.wav
train,unknown,synthetic,0063_v02.wav,dataset\synthetic\train\unknown\0063_v02.wav
train,unknown,synthetic,0064_v01.wav,dataset\synthetic\train\unknown\0064_v01.wav
train,unknown,synthetic,0064_v02.wav,dataset\synthetic\train\unknown\0064_v02.wav
train,unknown,synthetic,0065_v01.wav,dataset\synthetic\train\unknown\0065_v01.wav
train,unknown,synthetic,0065_v02.wav,dataset\synthetic\train\unknown\0065_v02.wav
train,unknown,synthetic,0066_v01.wav,dataset\synthetic\train\unknown\0066_v01.wav
train,unknown,synthetic,0066_v02.wav,dataset\synthetic\train\unknown\0066_v02.wav
train,unknown,synthetic,0067_v01.wav,dataset\synthetic\train\unknown\0067_v01.wav
train,unknown,synthetic,0067_v02.wav,dataset\synthetic\train\unknown\0067_v02.wav
train,unknown,synthetic,0068_v01.wav,dataset\synthetic\train\unknown\0068_v01.wav
train,unknown,synthetic,0068_v02.wav,dataset\synthetic\train\unknown\0068_v02.wav
train,unknown,synthetic,0069_v01.wav,dataset\synthetic\train\unknown\0069_v01.wav
train,unknown,synthetic,0069_v02.wav,dataset\synthetic\train\unknown\0069_v02.wav
train,unknown,synthetic,0070_v01.wav,dataset\synthetic\train\unknown\0070_v01.wav
train,unknown,synthetic,0070_v02.wav,dataset\synthetic\train\unknown\0070_v02.wav
train,unknown,synthetic,0071_v01.wav,dataset\synthetic\train\unknown\0071_v01.wav
train,unknown,synthetic,0071_v02.wav,dataset\synthetic\train\unknown\0071_v02.wav
train,unknown,synthetic,0072_v01.wav,dataset\synthetic\train\unknown\0072_v01.wav
train,unknown,synthetic,0072_v02.wav,dataset\synthetic\train\unknown\0072_v02.wav
train,unknown,synthetic,0073_v01.wav,dataset\synthetic\train\unknown\0073_v01.wav
train,unknown,synthetic,0073_v02.wav,dataset\synthetic\train\unknown\0073_v02.wav
train,unknown,synthetic,0074_v01.wav,dataset\synthetic\train\unknown\0074_v01.wav
train,unknown,synthetic,0074_v02.wav,dataset\synthetic\train\unknown\0074_v02.wav
train,unknown,synthetic,0075_v01.wav,dataset\synthetic\train\unknown\0075_v01.wav
train,unknown,synthetic,0075_v02.wav,dataset\synthetic\train\unknown\0075_v02.wav
train,unknown,synthetic,0076_v01.wav,dataset\synthetic\train\unknown\0076_v01.wav
train,unknown,synthetic,0076_v02.wav,dataset\synthetic\train\unknown\0076_v02.wav
train,unknown,synthetic,0077_v01.wav,dataset\synthetic\train\unknown\0077_v01.wav
train,unknown,synthetic,0077_v02.wav,dataset\synthetic\train\unknown\0077_v02.wav
train,unknown,synthetic,0078_v01.wav,dataset\synthetic\train\unknown\0078_v01.wav
train,unknown,synthetic,0078_v02.wav,dataset\synthetic\train\unknown\0078_v02.wav
train,unknown,synthetic,0079_v01.wav,dataset\synthetic\train\unknown\0079_v01.wav
train,unknown,synthetic,0079_v02.wav,dataset\synthetic\train\unknown\0079_v02.wav
train,unknown,synthetic,0080_v01.wav,dataset\synthetic\train\unknown\0080_v01.wav
train,unknown,synthetic,0080_v02.wav,dataset\synthetic\train\unknown\0080_v02.wav
train,unknown,synthetic,0081_v01.wav,dataset\synthetic\train\unknown\0081_v01.wav
train,unknown,synthetic,0081_v02.wav,dataset\synthetic\train\unknown\0081_v02.wav
train,unknown,synthetic,0082_v01.wav,dataset\synthetic\train\unknown\0082_v01.wav
train,unknown,synthetic,0082_v02.wav,dataset\synthetic\train\unknown\0082_v02.wav
train,unknown,synthetic,0083_v01.wav,dataset\synthetic\train\unknown\0083_v01.wav
train,unknown,synthetic,0083_v02.wav,dataset\synthetic\train\unknown\0083_v02.wav
train,unknown,synthetic,0084_v01.wav,dataset\synthetic\train\unknown\0084_v01.wav
train,unknown,synthetic,0084_v02.wav,dataset\synthetic\train\unknown\0084_v02.wav
train,unknown,synthetic,0085_v01.wav,dataset\synthetic\train\unknown\0085_v01.wav
train,unknown,synthetic,0085_v02.wav,dataset\synthetic\train\unknown\0085_v02.wav
train,unknown,synthetic,0086_v01.wav,dataset\synthetic\train\unknown\0086_v01.wav
train,unknown,synthetic,0086_v02.wav,dataset\synthetic\train\unknown\0086_v02.wav
train,unknown,synthetic,0087_v01.wav,dataset\synthetic\train\unknown\0087_v01.wav
train,unknown,synthetic,0087_v02.wav,dataset\synthetic\train\unknown\0087_v02.wav
train,unknown,synthetic,0088_v01.wav,dataset\synthetic\train\unknown\0088_v01.wav
train,unknown,synthetic,0088_v02.wav,dataset\synthetic\train\unknown\0088_v02.wav
train,unknown,synthetic,0089_v01.wav,dataset\synthetic\train\unknown\0089_v01.wav
train,unknown,synthetic,0089_v02.wav,dataset\synthetic\train\unknown\0089_v02.wav
train,unknown,synthetic,0090_v01.wav,dataset\synthetic\train\unknown\0090_v01.wav
train,unknown,synthetic,0090_v02.wav,dataset\synthetic\train\unknown\0090_v02.wav
train,unknown,synthetic,0091_v01.wav,dataset\synthetic\train\unknown\0091_v01.wav
train,unknown,synthetic,0091_v02.wav,dataset\synthetic\train\unknown\0091_v02.wav
train,unknown,synthetic,0092_v01.wav,dataset\synthetic\train\unknown\0092_v01.wav
train,unknown,synthetic,0092_v02.wav,dataset\synthetic\train\unknown\0092_v02.wav
train,unknown,synthetic,0093_v01.wav,dataset\synthetic\train\unknown\0093_v01.wav
train,unknown,synthetic,0093_v02.wav,dataset\synthetic\train\unknown\0093_v02.wav
train,unknown,synthetic,0094_v01.wav,dataset\synthetic\train\unknown\0094_v01.wav
train,unknown,synthetic,0094_v02.wav,dataset\synthetic\train\unknown\0094_v02.wav
train,unknown,synthetic,0095_v01.wav,dataset\synthetic\train\unknown\0095_v01.wav
train,unknown,synthetic,0095_v02.wav,dataset\synthetic\train\unknown\0095_v02.wav
train,unknown,synthetic,0096_v01.wav,dataset\synthetic\train\unknown\0096_v01.wav
train,unknown,synthetic,0096_v02.wav,dataset\synthetic\train\unknown\0096_v02.wav
train,unknown,synthetic,0097_v01.wav,dataset\synthetic\train\unknown\0097_v01.wav
train,unknown,synthetic,0097_v02.wav,dataset\synthetic\train\unknown\0097_v02.wav
train,unknown,synthetic,0098_v01.wav,dataset\synthetic\train\unknown\0098_v01.wav
train,unknown,synthetic,0098_v02.wav,dataset\synthetic\train\unknown\0098_v02.wav
train,unknown,synthetic,0099_v01.wav,dataset\synthetic\train\unknown\0099_v01.wav
train,unknown,synthetic,0099_v02.wav,dataset\synthetic\train\unknown\0099_v02.wav
train,unknown,synthetic,0100_v01.wav,dataset\synthetic\train\unknown\0100_v01.wav
train,unknown,synthetic,0100_v02.wav,dataset\synthetic\train\unknown\0100_v02.wav
train,unknown,synthetic,0101_v01.wav,dataset\synthetic\train\unknown\0101_v01.wav
train,unknown,synthetic,0101_v02.wav,dataset\synthetic\train\unknown\0101_v02.wav
train,unknown,synthetic,0102_v01.wav,dataset\synthetic\train\unknown\0102_v01.wav
train,unknown,synthetic,0102_v02.wav,dataset\synthetic\train\unknown\0102_v02.wav
train,unknown,synthetic,0103_v01.wav,dataset\synthetic\train\unknown\0103_v01.wav
train,unknown,synthetic,0103_v02.wav,dataset\synthetic\train\unknown\0103_v02.wav
train,unknown,synthetic,0104_v01.wav,dataset\synthetic\train\unknown\0104_v01.wav
train,unknown,synthetic,0104_v02.wav,dataset\synthetic\train\unknown\0104_v02.wav
train,unknown,synthetic,0105_v01.wav,dataset\synthetic\train\unknown\0105_v01.wav
train,unknown,synthetic,0105_v02.wav,dataset\synthetic\train\unknown\0105_v02.wav
train,unknown,synthetic,0106_v01.wav,dataset\synthetic\train\unknown\0106_v01.wav
train,unknown,synthetic,0106_v02.wav,dataset\synthetic\train\unknown\0106_v02.wav
train,unknown,synthetic,0107_v01.wav,dataset\synthetic\train\unknown\0107_v01.wav
train,unknown,synthetic,0107_v02.wav,dataset\synthetic\train\unknown\0107_v02.wav
train,unknown,synthetic,0108_v01.wav,dataset\synthetic\train\unknown\0108_v01.wav
train,unknown,synthetic,0108_v02.wav,dataset\synthetic\train\unknown\0108_v02.wav
train,unknown,synthetic,0109_v01.wav,dataset\synthetic\train\unknown\0109_v01.wav
train,unknown,synthetic,0109_v02.wav,dataset\synthetic\train\unknown\0109_v02.wav
train,unknown,synthetic,0110_v01.wav,dataset\synthetic\train\unknown\0110_v01.wav
train,unknown,synthetic,0110_v02.wav,dataset\synthetic\train\unknown\0110_v02.wav
train,unknown,synthetic,0111_v01.wav,dataset\synthetic\train\unknown\0111_v01.wav
train,unknown,synthetic,0111_v02.wav,dataset\synthetic\train\unknown\0111_v02.wav
train,unknown,synthetic,0112_v01.wav,dataset\synthetic\train\unknown\0112_v01.wav
train,unknown,synthetic,0112_v02.wav,dataset\synthetic\train\unknown\0112_v02.wav
train,unknown,synthetic,0113_v01.wav,dataset\synthetic\train\unknown\0113_v01.wav
train,unknown,synthetic,0113_v02.wav,dataset\synthetic\train\unknown\0113_v02.wav
train,unknown,synthetic,0114_v01.wav,dataset\synthetic\train\unknown\0114_v01.wav
train,unknown,synthetic,0114_v02.wav,dataset\synthetic\train\unknown\0114_v02.wav
train,unknown,synthetic,0115_v01.wav,dataset\synthetic\train\unknown\0115_v01.wav
train,unknown,synthetic,0115_v02.wav,dataset\synthetic\train\unknown\0115_v02.wav
train,unknown,synthetic,0116_v01.wav,dataset\synthetic\train\unknown\0116_v01.wav
train,unknown,synthetic,0116_v02.wav,dataset\synthetic\train\unknown\0116_v02.wav
train,unknown,synthetic,0117_v01.wav,dataset\synthetic\train\unknown\0117_v01.wav
train,unknown,synthetic,0117_v02.wav,dataset\synthetic\train\unknown\0117_v02.wav
train,unknown,synthetic,0118_v01.wav,dataset\synthetic\train\unknown\0118_v01.wav
train,unknown,synthetic,0118_v02.wav,dataset\synthetic\train\unknown\0118_v02.wav
train,unknown,synthetic,0119_v01.wav,dataset\synthetic\train\unknown\0119_v01.wav
train,unknown,synthetic,0119_v02.wav,dataset\synthetic\train\unknown\0119_v02.wav
train,unknown,synthetic,0120_v01.wav,dataset\synthetic\train\unknown\0120_v01.wav
train,unknown,synthetic,0120_v02.wav,dataset\synthetic\train\unknown\0120_v02.wav
train,background,synthetic,0000_v01.wav,dataset\synthetic\train\background\0000_v01.wav
train,background,synthetic,0000_v02.wav,dataset\synthetic\train\background\0000_v02.wav
train,background,synthetic,0001_v01.wav,dataset\synthetic\train\background\0001_v01.wav
train,background,synthetic,0001_v02.wav,dataset\synthetic\train\background\0001_v02.wav
train,background,synthetic,0002_v01.wav,dataset\synthetic\train\background\0002_v01.wav
train,background,synthetic,0002_v02.wav,dataset\synthetic\train\background\0002_v02.wav
train,background,synthetic,0003_v01.wav,dataset\synthetic\train\background\0003_v01.wav
train,background,synthetic,0003_v02.wav,dataset\synthetic\train\background\0003_v02.wav
train,background,synthetic,0004_v01.wav,dataset\synthetic\train\background\0004_v01.wav
train,background,synthetic,0004_v02.wav,dataset\synthetic\train\background\0004_v02.wav
train,background,synthetic,0005_v01.wav,dataset\synthetic\train\background\0005_v01.wav
train,background,synthetic,0005_v02.wav,dataset\synthetic\train\background\0005_v02.wav
train,background,synthetic,0006_v01.wav,dataset\synthetic\train\background\0006_v01.wav
train,background,synthetic,0006_v02.wav,dataset\synthetic\train\background\0006_v02.wav
train,background,synthetic,0007_v01.wav,dataset\synthetic\train\background\0007_v01.wav
train,background,synthetic,0007_v02.wav,dataset\synthetic\train\background\0007_v02.wav
train,background,synthetic,0008_v01.wav,dataset\synthetic\train\background\0008_v01.wav
train,background,synthetic,0008_v02.wav,dataset\synthetic\train\background\0008_v02.wav
train,background,synthetic,0009_v01.wav,dataset\synthetic\train\background\0009_v01.wav
train,background,synthetic,0009_v02.wav,dataset\synthetic\train\background\0009_v02.wav
train,background,synthetic,0010_v01.wav,dataset\synthetic\train\background\0010_v01.wav
train,background,synthetic,0010_v02.wav,dataset\synthetic\train\background\0010_v02.wav
train,background,synthetic,0011_v01.wav,dataset\synthetic\train\background\0011_v01.wav
train,background,synthetic,0011_v02.wav,dataset\synthetic\train\background\0011_v02.wav
train,background,synthetic,0012_v01.wav,dataset\synthetic\train\background\0012_v01.wav
train,background,synthetic,0012_v02.wav,dataset\synthetic\train\background\0012_v02.wav
train,background,synthetic,0013_v01.wav,dataset\synthetic\train\background\0013_v01.wav
train,background,synthetic,0013_v02.wav,dataset\synthetic\train\background\0013_v02.wav
train,background,synthetic,0014_v01.wav,dataset\synthetic\train\background\0014_v01.wav
train,background,synthetic,0014_v02.wav,dataset\synthetic\train\background\0014_v02.wav
train,background,synthetic,0015_v01.wav,dataset\synthetic\train\background\0015_v01.wav
train,background,synthetic,0015_v02.wav,dataset\synthetic\train\background\0015_v02.wav
train,background,synthetic,0016_v01.wav,dataset\synthetic\train\background\0016_v01.wav
train,background,synthetic,0016_v02.wav,dataset\synthetic\train\background\0016_v02.wav
train,background,synthetic,0017_v01.wav,dataset\synthetic\train\background\0017_v01.wav
train,background,synthetic,0017_v02.wav,dataset\synthetic\train\background\0017_v02.wav
train,background,synthetic,0018_v01.wav,dataset\synthetic\train\background\0018_v01.wav
train,background,synthetic,0018_v02.wav,dataset\synthetic\train\background\0018_v02.wav
train,background,synthetic,0019_v01.wav,dataset\synthetic\train\background\0019_v01.wav
train,background,synthetic,0019_v02.wav,dataset\synthetic\train\background\0019_v02.wav
train,background,synthetic,0020_v01.wav,dataset\synthetic\train\background\0020_v01.wav
train,background,synthetic,0020_v02.wav,dataset\synthetic\train\background\0020_v02.wav
train,background,synthetic,0021_v01.wav,dataset\synthetic\train\background\0021_v01.wav
train,background,synthetic,0021_v02.wav,dataset\synthetic\train\background\0021_v02.wav
train,background,synthetic,0022_v01.wav,dataset\synthetic\train\background\0022_v01.wav
train,background,synthetic,0022_v02.wav,dataset\synthetic\train\background\0022_v02.wav
train,background,synthetic,0023_v01.wav,dataset\synthetic\train\background\0023_v01.wav
train,background,synthetic,0023_v02.wav,dataset\synthetic\train\background\0023_v02.wav
train,background,synthetic,0024_v01.wav,dataset\synthetic\train\background\0024_v01.wav
train,background,synthetic,0024_v02.wav,dataset\synthetic\train\background\0024_v02.wav
train,background,synthetic,0025_v01.wav,dataset\synthetic\train\background\0025_v01.wav
train,background,synthetic,0025_v02.wav,dataset\synthetic\train\background\0025_v02.wav
train,background,synthetic,0026_v01.wav,dataset\synthetic\train\background\0026_v01.wav
train,background,synthetic,0026_v02.wav,dataset\synthetic\train\background\0026_v02.wav
train,background,synthetic,0027_v01.wav,dataset\synthetic\train\background\0027_v01.wav
train,background,synthetic,0027_v02.wav,dataset\synthetic\train\background\0027_v02.wav
train,background,synthetic,0028_v01.wav,dataset\synthetic\train\background\0028_v01.wav
train,background,synthetic,0028_v02.wav,dataset\synthetic\train\background\0028_v02.wav
train,background,synthetic,0029_v01.wav,dataset\synthetic\train\background\0029_v01.wav
train,background,synthetic,0029_v02.wav,dataset\synthetic\train\background\0029_v02.wav
train,background,synthetic,0030_v01.wav,dataset\synthetic\train\background\0030_v01.wav
train,background,synthetic,0030_v02.wav,dataset\synthetic\train\background\0030_v02.wav
train,background,synthetic,0031_v01.wav,dataset\synthetic\train\background\0031_v01.wav
train,background,synthetic,0031_v02.wav,dataset\synthetic\train\background\0031_v02.wav
train,background,synthetic,0032_v01.wav,dataset\synthetic\train\background\0032_v01.wav
train,background,synthetic,0032_v02.wav,dataset\synthetic\train\background\0032_v02.wav
train,background,synthetic,0033_v01.wav,dataset\synthetic\train\background\0033_v01.wav
train,background,synthetic,0033_v02.wav,dataset\synthetic\train\background\0033_v02.wav
train,background,synthetic,0034_v01.wav,dataset\synthetic\train\background\0034_v01.wav
train,background,synthetic,0034_v02.wav,dataset\synthetic\train\background\0034_v02.wav
train,background,synthetic,0035_v01.wav,dataset\synthetic\train\background\0035_v01.wav
train,background,synthetic,0035_v02.wav,dataset\synthetic\train\background\0035_v02.wav
train,background,synthetic,0036_v01.wav,dataset\synthetic\train\background\0036_v01.wav
train,background,synthetic,0036_v02.wav,dataset\synthetic\train\background\0036_v02.wav
train,background,synthetic,0037_v01.wav,dataset\synthetic\train\background\0037_v01.wav
train,background,synthetic,0037_v02.wav,dataset\synthetic\train\background\0037_v02.wav
train,background,synthetic,0038_v01.wav,dataset\synthetic\train\background\0038_v01.wav
train,background,synthetic,0038_v02.wav,dataset\synthetic\train\background\0038_v02.wav
train,background,synthetic,0039_v01.wav,dataset\synthetic\train\background\0039_v01.wav
train,background,synthetic,0039_v02.wav,dataset\synthetic\train\background\0039_v02.wav
train,background,synthetic,0040_v01.wav,dataset\synthetic\train\background\0040_v01.wav
train,background,synthetic,0040_v02.wav,dataset\synthetic\train\background\0040_v02.wav
train,background,synthetic,0041_v01.wav,dataset\synthetic\train\background\0041_v01.wav
train,background,synthetic,0041_v02.wav,dataset\synthetic\train\background\0041_v02.wav
train,background,synthetic,0042_v01.wav,dataset\synthetic\train\background\0042_v01.wav
train,background,synthetic,0042_v02.wav,dataset\synthetic\train\background\0042_v02.wav
train,background,synthetic,0043_v01.wav,dataset\synthetic\train\background\0043_v01.wav
train,background,synthetic,0043_v02.wav,dataset\synthetic\train\background\0043_v02.wav
train,background,synthetic,0044_v01.wav,dataset\synthetic\train\background\0044_v01.wav
train,background,synthetic,0044_v02.wav,dataset\synthetic\train\background\0044_v02.wav
train,background,synthetic,0045_v01.wav,dataset\synthetic\train\background\0045_v01.wav
train,background,synthetic,0045_v02.wav,dataset\synthetic\train\background\0045_v02.wav
train,background,synthetic,0046_v01.wav,dataset\synthetic\train\background\0046_v01.wav
train,background,synthetic,0046_v02.wav,dataset\synthetic\train\background\0046_v02.wav
train,background,synthetic,0047_v01.wav,dataset\synthetic\train\background\0047_v01.wav
train,background,synthetic,0047_v02.wav,dataset\synthetic\train\background\0047_v02.wav
train,background,synthetic,0048_v01.wav,dataset\synthetic\train\background\0048_v01.wav
train,background,synthetic,0048_v02.wav,dataset\synthetic\train\background\0048_v02.wav
train,background,synthetic,0049_v01.wav,dataset\synthetic\train\background\0049_v01.wav
train,background,synthetic,0049_v02.wav,dataset\synthetic\train\background\0049_v02.wav
train,background,synthetic,0050_v01.wav,dataset\synthetic\train\background\0050_v01.wav
train,background,synthetic,0050_v02.wav,dataset\synthetic\train\background\0050_v02.wav
train,background,synthetic,0051_v01.wav,dataset\synthetic\train\background\0051_v01.wav
train,background,synthetic,0051_v02.wav,dataset\synthetic\train\background\0051_v02.wav
train,background,synthetic,0052_v01.wav,dataset\synthetic\train\background\0052_v01.wav
train,background,synthetic,0052_v02.wav,dataset\synthetic\train\background\0052_v02.wav
train,background,synthetic,0053_v01.wav,dataset\synthetic\train\background\0053_v01.wav
train,background,synthetic,0053_v02.wav,dataset\synthetic\train\background\0053_v02.wav
train,background,synthetic,0054_v01.wav,dataset\synthetic\train\background\0054_v01.wav
train,background,synthetic,0054_v02.wav,dataset\synthetic\train\background\0054_v02.wav
train,background,synthetic,0055_v01.wav,dataset\synthetic\train\background\0055_v01.wav
train,background,synthetic,0055_v02.wav,dataset\synthetic\train\background\0055_v02.wav
train,background,synthetic,0056_v01.wav,dataset\synthetic\train\background\0056_v01.wav
train,background,synthetic,0056_v02.wav,dataset\synthetic\train\background\0056_v02.wav
train,background,synthetic,0057_v01.wav,dataset\synthetic\train\background\0057_v01.wav
train,background,synthetic,0057_v02.wav,dataset\synthetic\train\background\0057_v02.wav
train,background,synthetic,0058_v01.wav,dataset\synthetic\train\background\0058_v01.wav
train,background,synthetic,0058_v02.wav,dataset\synthetic\train\background\0058_v02.wav
train,background,synthetic,0059_v01.wav,dataset\synthetic\train\background\0059_v01.wav
train,background,synthetic,0059_v02.wav,dataset\synthetic\train\background\0059_v02.wav
train,background,synthetic,0060_v01.wav,dataset\synthetic\train\background\0060_v01.wav
train,background,synthetic,0060_v02.wav,dataset\synthetic\train\background\0060_v02.wav
train,background,synthetic,0061_v01.wav,dataset\synthetic\train\background\0061_v01.wav
train,background,synthetic,0061_v02.wav,dataset\synthetic\train\background\0061_v02.wav
train,background,synthetic,0062_v01.wav,dataset\synthetic\train\background\0062_v01.wav
train,background,synthetic,0062_v02.wav,dataset\synthetic\train\background\0062_v02.wav
train,background,synthetic,0063_v01.wav,dataset\synthetic\train\background\0063_v01.wav
train,background,synthetic,0063_v02.wav,dataset\synthetic\train\background\0063_v02.wav
train,background,synthetic,0064_v01.wav,dataset\synthetic\train\background\0064_v01.wav
train,background,synthetic,0064_v02.wav,dataset\synthetic\train\background\0064_v02.wav
train,background,synthetic,0065_v01.wav,dataset\synthetic\train\background\0065_v01.wav
train,background,synthetic,0065_v02.wav,dataset\synthetic\train\background\0065_v02.wav
train,background,synthetic,0066_v01.wav,dataset\synthetic\train\background\0066_v01.wav
train,background,synthetic,0066_v02.wav,dataset\synthetic\train\background\0066_v02.wav
train,background,synthetic,0067_v01.wav,dataset\synthetic\train\background\0067_v01.wav
train,background,synthetic,0067_v02.wav,dataset\synthetic\train\background\0067_v02.wav
train,background,synthetic,0068_v01.wav,dataset\synthetic\train\background\0068_v01.wav
train,background,synthetic,0068_v02.wav,dataset\synthetic\train\background\0068_v02.wav
train,background,synthetic,0069_v01.wav,dataset\synthetic\train\background\0069_v01.wav
train,background,synthetic,0069_v02.wav,dataset\synthetic\train\background\0069_v02.wav
train,background,synthetic,0070_v01.wav,dataset\synthetic\train\background\0070_v01.wav
train,background,synthetic,0070_v02.wav,dataset\synthetic\train\background\0070_v02.wav
train,background,synthetic,0071_v01.wav,dataset\synthetic\train\background\0071_v01.wav
train,background,synthetic,0071_v02.wav,dataset\synthetic\train\background\0071_v02.wav
train,background,synthetic,0072_v01.wav,dataset\synthetic\train\background\0072_v01.wav
train,background,synthetic,0072_v02.wav,dataset\synthetic\train\background\0072_v02.wav
train,background,synthetic,0073_v01.wav,dataset\synthetic\train\background\0073_v01.wav
train,background,synthetic,0073_v02.wav,dataset\synthetic\train\background\0073_v02.wav
train,background,synthetic,0074_v01.wav,dataset\synthetic\train\background\0074_v01.wav
train,background,synthetic,0074_v02.wav,dataset\synthetic\train\background\0074_v02.wav
train,background,synthetic,0075_v01.wav,dataset\synthetic\train\background\0075_v01.wav
train,background,synthetic,0075_v02.wav,dataset\synthetic\train\background\0075_v02.wav
train,background,synthetic,0076_v01.wav,dataset\synthetic\train\background\0076_v01.wav
train,background,synthetic,0076_v02.wav,dataset\synthetic\train\background\0076_v02.wav
train,background,synthetic,0077_v01.wav,dataset\synthetic\train\background\0077_v01.wav
train,background,synthetic,0077_v02.wav,dataset\synthetic\train\background\0077_v02.wav
train,background,synthetic,0078_v01.wav,dataset\synthetic\train\background\0078_v01.wav
train,background,synthetic,0078_v02.wav,dataset\synthetic\train\background\0078_v02.wav
train,background,synthetic,0079_v01.wav,dataset\synthetic\train\background\0079_v01.wav
train,background,synthetic,0079_v02.wav,dataset\synthetic\train\background\0079_v02.wav
train,background,synthetic,0080_v01.wav,dataset\synthetic\train\background\0080_v01.wav
train,background,synthetic,0080_v02.wav,dataset\synthetic\train\background\0080_v02.wav
train,background,synthetic,0081_v01.wav,dataset\synthetic\train\background\0081_v01.wav
train,background,synthetic,0081_v02.wav,dataset\synthetic\train\background\0081_v02.wav
train,background,synthetic,0082_v01.wav,dataset\synthetic\train\background\0082_v01.wav
train,background,synthetic,0082_v02.wav,dataset\synthetic\train\background\0082_v02.wav
train,background,synthetic,0083_v01.wav,dataset\synthetic\train\background\0083_v01.wav
train,background,synthetic,0083_v02.wav,dataset\synthetic\train\background\0083_v02.wav
train,background,synthetic,0084_v01.wav,dataset\synthetic\train\background\0084_v01.wav
train,background,synthetic,0084_v02.wav,dataset\synthetic\train\background\0084_v02.wav
train,background,synthetic,0085_v01.wav,dataset\synthetic\train\background\0085_v01.wav
train,background,synthetic,0085_v02.wav,dataset\synthetic\train\background\0085_v02.wav
train,background,synthetic,0086_v01.wav,dataset\synthetic\train\background\0086_v01.wav
train,background,synthetic,0086_v02.wav,dataset\synthetic\train\background\0086_v02.wav
train,background,synthetic,0087_v01.wav,dataset\synthetic\train\background\0087_v01.wav
train,background,synthetic,0087_v02.wav,dataset\synthetic\train\background\0087_v02.wav
train,background,synthetic,0088_v01.wav,dataset\synthetic\train\background\0088_v01.wav
train,background,synthetic,0088_v02.wav,dataset\synthetic\train\background\0088_v02.wav
train,background,synthetic,0089_v01.wav,dataset\synthetic\train\background\0089_v01.wav
train,background,synthetic,0089_v02.wav,dataset\synthetic\train\background\0089_v02.wav
train,background,synthetic,0090_v01.wav,dataset\synthetic\train\background\0090_v01.wav
train,background,synthetic,0090_v02.wav,dataset\synthetic\train\background\0090_v02.wav
train,background,synthetic,0091_v01.wav,dataset\synthetic\train\background\0091_v01.wav
train,background,synthetic,0091_v02.wav,dataset\synthetic\train\background\0091_v02.wav
train,background,synthetic,0092_v01.wav,dataset\synthetic\train\background\0092_v01.wav
train,background,synthetic,0092_v02.wav,dataset\synthetic\train\background\0092_v02.wav
train,background,synthetic,0093_v01.wav,dataset\synthetic\train\background\0093_v01.wav
train,background,synthetic,0093_v02.wav,dataset\synthetic\train\background\0093_v02.wav
train,background,synthetic,0094_v01.wav,dataset\synthetic\train\background\0094_v01.wav
train,background,synthetic,0094_v02.wav,dataset\synthetic\train\background\0094_v02.wav
train,background,synthetic,0095_v01.wav,dataset\synthetic\train\background\0095_v01.wav
train,background,synthetic,0095_v02.wav,dataset\synthetic\train\background\0095_v02.wav
train,background,synthetic,0096_v01.wav,dataset\synthetic\train\background\0096_v01.wav
train,background,synthetic,0096_v02.wav,dataset\synthetic\train\background\0096_v02.wav
train,background,synthetic,0097_v01.wav,dataset\synthetic\train\background\0097_v01.wav
train,background,synthetic,0097_v02.wav,dataset\synthetic\train\background\0097_v02.wav
train,background,synthetic,0098_v01.wav,dataset\synthetic\train\background\0098_v01.wav
train,background,synthetic,0098_v02.wav,dataset\synthetic\train\background\0098_v02.wav
train,background,synthetic,0099_v01.wav,dataset\synthetic\train\background\0099_v01.wav
train,background,synthetic,0099_v02.wav,dataset\synthetic\train\background\0099_v02.wav
train,background,synthetic,0100_v01.wav,dataset\synthetic\train\background\0100_v01.wav
train,background,synthetic,0100_v02.wav,dataset\synthetic\train\background\0100_v02.wav
train,background,synthetic,0101_v01.wav,dataset\synthetic\train\background\0101_v01.wav
train,background,synthetic,0101_v02.wav,dataset\synthetic\train\background\0101_v02.wav
train,background,synthetic,0102_v01.wav,dataset\synthetic\train\background\0102_v01.wav
train,background,synthetic,0102_v02.wav,dataset\synthetic\train\background\0102_v02.wav
train,background,synthetic,0103_v01.wav,dataset\synthetic\train\background\0103_v01.wav
train,background,synthetic,0103_v02.wav,dataset\synthetic\train\background\0103_v02.wav
train,background,synthetic,0104_v01.wav,dataset\synthetic\train\background\0104_v01.wav
train,background,synthetic,0104_v02.wav,dataset\synthetic\train\background\0104_v02.wav
train,background,synthetic,0105_v01.wav,dataset\synthetic\train\background\0105_v01.wav
train,background,synthetic,0105_v02.wav,dataset\synthetic\train\background\0105_v02.wav
train,background,synthetic,0106_v01.wav,dataset\synthetic\train\background\0106_v01.wav
train,background,synthetic,0106_v02.wav,dataset\synthetic\train\background\0106_v02.wav
train,background,synthetic,0107_v01.wav,dataset\synthetic\train\background\0107_v01.wav
train,background,synthetic,0107_v02.wav,dataset\synthetic\train\background\0107_v02.wav
train,background,synthetic,0108_v01.wav,dataset\synthetic\train\background\0108_v01.wav
train,background,synthetic,0108_v02.wav,dataset\synthetic\train\background\0108_v02.wav
train,background,synthetic,0109_v01.wav,dataset\synthetic\train\background\0109_v01.wav
train,background,synthetic,0109_v02.wav,dataset\synthetic\train\background\0109_v02.wav
train,background,synthetic,0110_v01.wav,dataset\synthetic\train\background\0110_v01.wav
train,background,synthetic,0110_v02.wav,dataset\synthetic\train\background\0110_v02.wav
train,background,synthetic,0111_v01.wav,dataset\synthetic\train\background\0111_v01.wav
train,background,synthetic,0111_v02.wav,dataset\synthetic\train\background\0111_v02.wav
train,background,synthetic,0112_v01.wav,dataset\synthetic\train\background\0112_v01.wav
train,background,synthetic,0112_v02.wav,dataset\synthetic\train\background\0112_v02.wav
train,background,synthetic,0113_v01.wav,dataset\synthetic\train\background\0113_v01.wav
train,background,synthetic,0113_v02.wav,dataset\synthetic\train\background\0113_v02.wav
train,background,synthetic,0114_v01.wav,dataset\synthetic\train\background\0114_v01.wav
train,background,synthetic,0114_v02.wav,dataset\synthetic\train\background\0114_v02.wav
train,background,synthetic,0115_v01.wav,dataset\synthetic\train\background\0115_v01.wav
train,background,synthetic,0115_v02.wav,dataset\synthetic\train\background\0115_v02.wav
train,background,synthetic,0116_v01.wav,dataset\synthetic\train\background\0116_v01.wav
train,background,synthetic,0116_v02.wav,dataset\synthetic\train\background\0116_v02.wav
train,background,synthetic,0117_v01.wav,dataset\synthetic\train\background\0117_v01.wav
train,background,synthetic,0117_v02.wav,dataset\synthetic\train\background\0117_v02.wav
train,background,synthetic,0118_v01.wav,dataset\synthetic\train\background\0118_v01.wav
train,background,synthetic,0118_v02.wav,dataset\synthetic\train\background\0118_v02.wav
train,background,synthetic,0119_v01.wav,dataset\synthetic\train\background\0119_v01.wav
train,background,synthetic,0119_v02.wav,dataset\synthetic\train\background\0119_v02.wav
train,background,synthetic,0120_v01.wav,dataset\synthetic\train\background\0120_v01.wav
train,background,synthetic,0120_v02.wav,dataset\synthetic\train\background\0120_v02.wav
val,positive,real,0016.wav,C:\Users\Anshika\voice_ml\dataset\final\val\positive\0016.wav
val,positive,real,0017.wav,C:\Users\Anshika\voice_ml\dataset\final\val\positive\0017.wav
val,positive,real,0018.wav,C:\Users\Anshika\voice_ml\dataset\final\val\positive\0018.wav
val,positive,real,0019.wav,C:\Users\Anshika\voice_ml\dataset\final\val\positive\0019.wav
val,positive,real,0020.wav,C:\Users\Anshika\voice_ml\dataset\final\val\positive\0020.wav
val,positive,real,0058.wav,C:\Users\Anshika\voice_ml\dataset\final\val\positive\0058.wav
val,positive,real,0059.wav,C:\Users\Anshika\voice_ml\dataset\final\val\positive\0059.wav
val,positive,real,0060.wav,C:\Users\Anshika\voice_ml\dataset\final\val\positive\0060.wav
val,positive,real,0061.wav,C:\Users\Anshika\voice_ml\dataset\final\val\positive\0061.wav
val,positive,real,0062.wav,C:\Users\Anshika\voice_ml\dataset\final\val\positive\0062.wav
val,positive,real,0079.wav,C:\Users\Anshika\voice_ml\dataset\final\val\positive\0079.wav
val,positive,real,0080.wav,C:\Users\Anshika\voice_ml\dataset\final\val\positive\0080.wav
val,positive,real,0081.wav,C:\Users\Anshika\voice_ml\dataset\final\val\positive\0081.wav
val,positive,real,0082.wav,C:\Users\Anshika\voice_ml\dataset\final\val\positive\0082.wav
val,positive,real,0098.wav,C:\Users\Anshika\voice_ml\dataset\final\val\positive\0098.wav
val,positive,real,0099.wav,C:\Users\Anshika\voice_ml\dataset\final\val\positive\0099.wav
val,positive,real,0100.wav,C:\Users\Anshika\voice_ml\dataset\final\val\positive\0100.wav
val,positive,real,0101.wav,C:\Users\Anshika\voice_ml\dataset\final\val\positive\0101.wav
val,positive,real,0102.wav,C:\Users\Anshika\voice_ml\dataset\final\val\positive\0102.wav
val,positive,real,0115.wav,C:\Users\Anshika\voice_ml\dataset\final\val\positive\0115.wav
val,positive,real,0116.wav,C:\Users\Anshika\voice_ml\dataset\final\val\positive\0116.wav
val,positive,real,0117.wav,C:\Users\Anshika\voice_ml\dataset\final\val\positive\0117.wav
val,positive,real,0160.wav,C:\Users\Anshika\voice_ml\dataset\final\val\positive\0160.wav
val,positive,real,0161.wav,C:\Users\Anshika\voice_ml\dataset\final\val\positive\0161.wav
val,positive,real,0162.wav,C:\Users\Anshika\voice_ml\dataset\final\val\positive\0162.wav
val,positive,real,0163.wav,C:\Users\Anshika\voice_ml\dataset\final\val\positive\0163.wav
val,unknown,real,0121.wav,C:\Users\Anshika\voice_ml\dataset\final\val\unknown\0121.wav
val,unknown,real,0122.wav,C:\Users\Anshika\voice_ml\dataset\final\val\unknown\0122.wav
val,unknown,real,0123.wav,C:\Users\Anshika\voice_ml\dataset\final\val\unknown\0123.wav
val,unknown,real,0124.wav,C:\Users\Anshika\voice_ml\dataset\final\val\unknown\0124.wav
val,unknown,real,0125.wav,C:\Users\Anshika\voice_ml\dataset\final\val\unknown\0125.wav
val,unknown,real,0126.wav,C:\Users\Anshika\voice_ml\dataset\final\val\unknown\0126.wav
val,unknown,real,0127.wav,C:\Users\Anshika\voice_ml\dataset\final\val\unknown\0127.wav
val,unknown,real,0128.wav,C:\Users\Anshika\voice_ml\dataset\final\val\unknown\0128.wav
val,unknown,real,0129.wav,C:\Users\Anshika\voice_ml\dataset\final\val\unknown\0129.wav
val,unknown,real,0130.wav,C:\Users\Anshika\voice_ml\dataset\final\val\unknown\0130.wav
val,unknown,real,0131.wav,C:\Users\Anshika\voice_ml\dataset\final\val\unknown\0131.wav
val,unknown,real,0132.wav,C:\Users\Anshika\voice_ml\dataset\final\val\unknown\0132.wav
val,unknown,real,0133.wav,C:\Users\Anshika\voice_ml\dataset\final\val\unknown\0133.wav
val,unknown,real,0134.wav,C:\Users\Anshika\voice_ml\dataset\final\val\unknown\0134.wav
val,unknown,real,0135.wav,C:\Users\Anshika\voice_ml\dataset\final\val\unknown\0135.wav
val,unknown,real,0136.wav,C:\Users\Anshika\voice_ml\dataset\final\val\unknown\0136.wav
val,unknown,real,0137.wav,C:\Users\Anshika\voice_ml\dataset\final\val\unknown\0137.wav
val,unknown,real,0138.wav,C:\Users\Anshika\voice_ml\dataset\final\val\unknown\0138.wav
val,unknown,real,0139.wav,C:\Users\Anshika\voice_ml\dataset\final\val\unknown\0139.wav
val,unknown,real,0140.wav,C:\Users\Anshika\voice_ml\dataset\final\val\unknown\0140.wav
val,unknown,real,0141.wav,C:\Users\Anshika\voice_ml\dataset\final\val\unknown\0141.wav
val,unknown,real,0142.wav,C:\Users\Anshika\voice_ml\dataset\final\val\unknown\0142.wav
val,unknown,real,0143.wav,C:\Users\Anshika\voice_ml\dataset\final\val\unknown\0143.wav
val,unknown,real,0144.wav,C:\Users\Anshika\voice_ml\dataset\final\val\unknown\0144.wav
val,unknown,real,0145.wav,C:\Users\Anshika\voice_ml\dataset\final\val\unknown\0145.wav
val,unknown,real,0146.wav,C:\Users\Anshika\voice_ml\dataset\final\val\unknown\0146.wav
val,background,real,0000.wav,C:\Users\Anshika\voice_ml\dataset\final\val\background\0000.wav
val,background,real,0001.wav,C:\Users\Anshika\voice_ml\dataset\final\val\background\0001.wav
val,background,real,0002.wav,C:\Users\Anshika\voice_ml\dataset\final\val\background\0002.wav
val,background,real,0003.wav,C:\Users\Anshika\voice_ml\dataset\final\val\background\0003.wav
val,background,real,0004.wav,C:\Users\Anshika\voice_ml\dataset\final\val\background\0004.wav
val,background,real,0005.wav,C:\Users\Anshika\voice_ml\dataset\final\val\background\0005.wav
val,background,real,0006.wav,C:\Users\Anshika\voice_ml\dataset\final\val\background\0006.wav
val,background,real,0007.wav,C:\Users\Anshika\voice_ml\dataset\final\val\background\0007.wav
val,background,real,0008.wav,C:\Users\Anshika\voice_ml\dataset\final\val\background\0008.wav
val,background,real,0009.wav,C:\Users\Anshika\voice_ml\dataset\final\val\background\0009.wav
val,background,real,0010.wav,C:\Users\Anshika\voice_ml\dataset\final\val\background\0010.wav
val,background,real,0011.wav,C:\Users\Anshika\voice_ml\dataset\final\val\background\0011.wav
val,background,real,0012.wav,C:\Users\Anshika\voice_ml\dataset\final\val\background\0012.wav
val,background,real,0013.wav,C:\Users\Anshika\voice_ml\dataset\final\val\background\0013.wav
val,background,real,0014.wav,C:\Users\Anshika\voice_ml\dataset\final\val\background\0014.wav
val,background,real,0015.wav,C:\Users\Anshika\voice_ml\dataset\final\val\background\0015.wav
val,background,real,0016.wav,C:\Users\Anshika\voice_ml\dataset\final\val\background\0016.wav
val,background,real,0017.wav,C:\Users\Anshika\voice_ml\dataset\final\val\background\0017.wav
val,background,real,0018.wav,C:\Users\Anshika\voice_ml\dataset\final\val\background\0018.wav
val,background,real,0019.wav,C:\Users\Anshika\voice_ml\dataset\final\val\background\0019.wav
val,background,real,0020.wav,C:\Users\Anshika\voice_ml\dataset\final\val\background\0020.wav
val,background,real,0021.wav,C:\Users\Anshika\voice_ml\dataset\final\val\background\0021.wav
val,background,real,0022.wav,C:\Users\Anshika\voice_ml\dataset\final\val\background\0022.wav
val,background,real,0023.wav,C:\Users\Anshika\voice_ml\dataset\final\val\background\0023.wav
val,background,real,0024.wav,C:\Users\Anshika\voice_ml\dataset\final\val\background\0024.wav
val,background,real,0025.wav,C:\Users\Anshika\voice_ml\dataset\final\val\background\0025.wav
test,positive,real,0008.wav,C:\Users\Anshika\voice_ml\dataset\final\test\positive\0008.wav
test,positive,real,0009.wav,C:\Users\Anshika\voice_ml\dataset\final\test\positive\0009.wav
test,positive,real,0010.wav,C:\Users\Anshika\voice_ml\dataset\final\test\positive\0010.wav
test,positive,real,0011.wav,C:\Users\Anshika\voice_ml\dataset\final\test\positive\0011.wav
test,positive,real,0012.wav,C:\Users\Anshika\voice_ml\dataset\final\test\positive\0012.wav
test,positive,real,0043.wav,C:\Users\Anshika\voice_ml\dataset\final\test\positive\0043.wav
test,positive,real,0044.wav,C:\Users\Anshika\voice_ml\dataset\final\test\positive\0044.wav
test,positive,real,0045.wav,C:\Users\Anshika\voice_ml\dataset\final\test\positive\0045.wav
test,positive,real,0046.wav,C:\Users\Anshika\voice_ml\dataset\final\test\positive\0046.wav
test,positive,real,0047.wav,C:\Users\Anshika\voice_ml\dataset\final\test\positive\0047.wav
test,positive,real,0048.wav,C:\Users\Anshika\voice_ml\dataset\final\test\positive\0048.wav
test,positive,real,0049.wav,C:\Users\Anshika\voice_ml\dataset\final\test\positive\0049.wav
test,positive,real,0050.wav,C:\Users\Anshika\voice_ml\dataset\final\test\positive\0050.wav
test,positive,real,0051.wav,C:\Users\Anshika\voice_ml\dataset\final\test\positive\0051.wav
test,positive,real,0107.wav,C:\Users\Anshika\voice_ml\dataset\final\test\positive\0107.wav
test,positive,real,0108.wav,C:\Users\Anshika\voice_ml\dataset\final\test\positive\0108.wav
test,positive,real,0109.wav,C:\Users\Anshika\voice_ml\dataset\final\test\positive\0109.wav
test,positive,real,0110.wav,C:\Users\Anshika\voice_ml\dataset\final\test\positive\0110.wav
test,positive,real,0125.wav,C:\Users\Anshika\voice_ml\dataset\final\test\positive\0125.wav
test,positive,real,0126.wav,C:\Users\Anshika\voice_ml\dataset\final\test\positive\0126.wav
test,positive,real,0127.wav,C:\Users\Anshika\voice_ml\dataset\final\test\positive\0127.wav
test,positive,real,0128.wav,C:\Users\Anshika\voice_ml\dataset\final\test\positive\0128.wav
test,positive,real,0129.wav,C:\Users\Anshika\voice_ml\dataset\final\test\positive\0129.wav
test,positive,real,0134.wav,C:\Users\Anshika\voice_ml\dataset\final\test\positive\0134.wav
test,positive,real,0144.wav,C:\Users\Anshika\voice_ml\dataset\final\test\positive\0144.wav
test,positive,real,0145.wav,C:\Users\Anshika\voice_ml\dataset\final\test\positive\0145.wav
test,unknown,real,0147.wav,C:\Users\Anshika\voice_ml\dataset\final\test\unknown\0147.wav
test,unknown,real,0148.wav,C:\Users\Anshika\voice_ml\dataset\final\test\unknown\0148.wav
test,unknown,real,0149.wav,C:\Users\Anshika\voice_ml\dataset\final\test\unknown\0149.wav
test,unknown,real,0150.wav,C:\Users\Anshika\voice_ml\dataset\final\test\unknown\0150.wav
test,unknown,real,0151.wav,C:\Users\Anshika\voice_ml\dataset\final\test\unknown\0151.wav
test,unknown,real,0152.wav,C:\Users\Anshika\voice_ml\dataset\final\test\unknown\0152.wav
test,unknown,real,0153.wav,C:\Users\Anshika\voice_ml\dataset\final\test\unknown\0153.wav
test,unknown,real,0154.wav,C:\Users\Anshika\voice_ml\dataset\final\test\unknown\0154.wav
test,unknown,real,0155.wav,C:\Users\Anshika\voice_ml\dataset\final\test\unknown\0155.wav
test,unknown,real,0156.wav,C:\Users\Anshika\voice_ml\dataset\final\test\unknown\0156.wav
test,unknown,real,0157.wav,C:\Users\Anshika\voice_ml\dataset\final\test\unknown\0157.wav
test,unknown,real,0158.wav,C:\Users\Anshika\voice_ml\dataset\final\test\unknown\0158.wav
test,unknown,real,0159.wav,C:\Users\Anshika\voice_ml\dataset\final\test\unknown\0159.wav
test,unknown,real,0160.wav,C:\Users\Anshika\voice_ml\dataset\final\test\unknown\0160.wav
test,unknown,real,0161.wav,C:\Users\Anshika\voice_ml\dataset\final\test\unknown\0161.wav
test,unknown,real,0162.wav,C:\Users\Anshika\voice_ml\dataset\final\test\unknown\0162.wav
test,unknown,real,0163.wav,C:\Users\Anshika\voice_ml\dataset\final\test\unknown\0163.wav
test,unknown,real,0164.wav,C:\Users\Anshika\voice_ml\dataset\final\test\unknown\0164.wav
test,unknown,real,0165.wav,C:\Users\Anshika\voice_ml\dataset\final\test\unknown\0165.wav
test,unknown,real,0166.wav,C:\Users\Anshika\voice_ml\dataset\final\test\unknown\0166.wav
test,unknown,real,0167.wav,C:\Users\Anshika\voice_ml\dataset\final\test\unknown\0167.wav
test,unknown,real,0168.wav,C:\Users\Anshika\voice_ml\dataset\final\test\unknown\0168.wav
test,unknown,real,0169.wav,C:\Users\Anshika\voice_ml\dataset\final\test\unknown\0169.wav
test,unknown,real,0170.wav,C:\Users\Anshika\voice_ml\dataset\final\test\unknown\0170.wav
test,unknown,real,0171.wav,C:\Users\Anshika\voice_ml\dataset\final\test\unknown\0171.wav
test,unknown,real,0172.wav,C:\Users\Anshika\voice_ml\dataset\final\test\unknown\0172.wav
test,background,real,0000.wav,C:\Users\Anshika\voice_ml\dataset\final\test\background\0000.wav
test,background,real,0001.wav,C:\Users\Anshika\voice_ml\dataset\final\test\background\0001.wav
test,background,real,0002.wav,C:\Users\Anshika\voice_ml\dataset\final\test\background\0002.wav
test,background,real,0003.wav,C:\Users\Anshika\voice_ml\dataset\final\test\background\0003.wav
test,background,real,0004.wav,C:\Users\Anshika\voice_ml\dataset\final\test\background\0004.wav
test,background,real,0005.wav,C:\Users\Anshika\voice_ml\dataset\final\test\background\0005.wav
test,background,real,0006.wav,C:\Users\Anshika\voice_ml\dataset\final\test\background\0006.wav
test,background,real,0007.wav,C:\Users\Anshika\voice_ml\dataset\final\test\background\0007.wav
test,background,real,0008.wav,C:\Users\Anshika\voice_ml\dataset\final\test\background\0008.wav
test,background,real,0009.wav,C:\Users\Anshika\voice_ml\dataset\final\test\background\0009.wav
test,background,real,0010.wav,C:\Users\Anshika\voice_ml\dataset\final\test\background\0010.wav
test,background,real,0011.wav,C:\Users\Anshika\voice_ml\dataset\final\test\background\0011.wav
test,background,real,0012.wav,C:\Users\Anshika\voice_ml\dataset\final\test\background\0012.wav
test,background,real,0013.wav,C:\Users\Anshika\voice_ml\dataset\final\test\background\0013.wav
test,background,real,0014.wav,C:\Users\Anshika\voice_ml\dataset\final\test\background\0014.wav
test,background,real,0015.wav,C:\Users\Anshika\voice_ml\dataset\final\test\background\0015.wav
test,background,real,0016.wav,C:\Users\Anshika\voice_ml\dataset\final\test\background\0016.wav
test,background,real,0017.wav,C:\Users\Anshika\voice_ml\dataset\final\test\background\0017.wav
test,background,real,0018.wav,C:\Users\Anshika\voice_ml\dataset\final\test\background\0018.wav
test,background,real,0019.wav,C:\Users\Anshika\voice_ml\dataset\final\test\background\0019.wav
test,background,real,0020.wav,C:\Users\Anshika\voice_ml\dataset\final\test\background\0020.wav
test,background,real,0021.wav,C:\Users\Anshika\voice_ml\dataset\final\test\background\0021.wav
test,background,real,0022.wav,C:\Users\Anshika\voice_ml\dataset\final\test\background\0022.wav
test,background,real,0023.wav,C:\Users\Anshika\voice_ml\dataset\final\test\background\0023.wav
test,background,real,0024.wav,C:\Users\Anshika\voice_ml\dataset\final\test\background\0024.wav
test,background,real,0025.wav,C:\Users\Anshika\voice_ml\dataset\final\test\background\0025.wav
